[2026-08-20T18:18:54.768+0000] {logging_mixin.py:190} WARNING - /home/airflow/.local/lib/python3.10/site-packages/airflow/settings.py:470 DeprecationWarning: The sql_alchemy_conn option in [core] has been moved to the sql_alchemy_conn option in [database] - the old setting has been used, but please update your config.
[2026-08-20T18:18:54.774+0000] {processor.py:186} INFO - Started process (PID=46) to work on /opt/airflow/dags/reconciliation_dag.py
[2026-08-20T18:18:54.776+0000] {processor.py:914} INFO - Processing file /opt/airflow/dags/reconciliation_dag.py for tasks to queue
[2026-08-20T18:18:54.780+0000] {logging_mixin.py:190} INFO - [2026-08-20T18:18:54.780+0000] {dagbag.py:588} INFO - Filling up the DagBag from /opt/airflow/dags/reconciliation_dag.py
[2026-08-20T18:18:54.839+0000] {processor.py:925} INFO - DAG(s) 'financial_reconciliation_pipeline' retrieved from /opt/airflow/dags/reconciliation_dag.py
[2026-08-20T18:18:55.024+0000] {logging_mixin.py:190} INFO - [2026-08-20T18:18:55.023+0000] {override.py:1911} INFO - Created Permission View: can delete on DAG:financial_reconciliation_pipeline
[2026-08-20T18:18:55.037+0000] {logging_mixin.py:190} INFO - [2026-08-20T18:18:55.036+0000] {override.py:1911} INFO - Created Permission View: can read on DAG:financial_reconciliation_pipeline
[2026-08-20T18:18:55.045+0000] {logging_mixin.py:190} INFO - [2026-08-20T18:18:55.045+0000] {override.py:1911} INFO - Created Permission View: can edit on DAG:financial_reconciliation_pipeline
[2026-08-20T18:18:55.055+0000] {logging_mixin.py:190} INFO - [2026-08-20T18:18:55.054+0000] {override.py:1911} INFO - Created Permission View: menu access on DAG Run:financial_reconciliation_pipeline
[2026-08-20T18:18:55.063+0000] {logging_mixin.py:190} INFO - [2026-08-20T18:18:55.063+0000] {override.py:1911} INFO - Created Permission View: can create on DAG Run:financial_reconciliation_pipeline
[2026-08-20T18:18:55.071+0000] {logging_mixin.py:190} INFO - [2026-08-20T18:18:55.070+0000] {override.py:1911} INFO - Created Permission View: can read on DAG Run:financial_reconciliation_pipeline
[2026-08-20T18:18:55.079+0000] {logging_mixin.py:190} INFO - [2026-08-20T18:18:55.078+0000] {override.py:1911} INFO - Created Permission View: can delete on DAG Run:financial_reconciliation_pipeline
[2026-08-20T18:18:55.080+0000] {logging_mixin.py:190} INFO - [2026-08-20T18:18:55.080+0000] {dag.py:3239} INFO - Sync 1 DAGs
[2026-08-20T18:18:55.092+0000] {logging_mixin.py:190} INFO - [2026-08-20T18:18:55.092+0000] {dag.py:3262} INFO - Creating ORM DAG for financial_reconciliation_pipeline
[2026-08-20T18:18:55.102+0000] {logging_mixin.py:190} INFO - [2026-08-20T18:18:55.102+0000] {dag.py:4180} INFO - Setting next_dagrun for financial_reconciliation_pipeline to 2026-08-19 00:00:00+00:00, run_after=2026-08-20 00:00:00+00:00
[2026-08-20T18:18:55.125+0000] {processor.py:208} INFO - Processing /opt/airflow/dags/reconciliation_dag.py took 0.360 seconds
[2026-08-20T18:19:25.544+0000] {logging_mixin.py:190} WARNING - /home/airflow/.local/lib/python3.10/site-packages/airflow/settings.py:470 DeprecationWarning: The sql_alchemy_conn option in [core] has been moved to the sql_alchemy_conn option in [database] - the old setting has been used, but please update your config.
[2026-08-20T18:19:25.553+0000] {processor.py:186} INFO - Started process (PID=47) to work on /opt/airflow/dags/reconciliation_dag.py
[2026-08-20T18:19:25.554+0000] {processor.py:914} INFO - Processing file /opt/airflow/dags/reconciliation_dag.py for tasks to queue
[2026-08-20T18:19:25.560+0000] {logging_mixin.py:190} INFO - [2026-08-20T18:19:25.560+0000] {dagbag.py:588} INFO - Filling up the DagBag from /opt/airflow/dags/reconciliation_dag.py
[2026-08-20T18:19:25.598+0000] {processor.py:925} INFO - DAG(s) 'financial_reconciliation_pipeline' retrieved from /opt/airflow/dags/reconciliation_dag.py
[2026-08-20T18:19:25.624+0000] {logging_mixin.py:190} INFO - [2026-08-20T18:19:25.623+0000] {dag.py:3239} INFO - Sync 1 DAGs
[2026-08-20T18:19:25.643+0000] {logging_mixin.py:190} INFO - [2026-08-20T18:19:25.643+0000] {dag.py:4180} INFO - Setting next_dagrun for financial_reconciliation_pipeline to 2026-08-19 00:00:00+00:00, run_after=2026-08-20 00:00:00+00:00
[2026-08-20T18:19:25.660+0000] {processor.py:208} INFO - Processing /opt/airflow/dags/reconciliation_dag.py took 0.120 seconds
[2026-08-20T18:19:55.871+0000] {logging_mixin.py:190} WARNING - /home/airflow/.local/lib/python3.10/site-packages/airflow/settings.py:470 DeprecationWarning: The sql_alchemy_conn option in [core] has been moved to the sql_alchemy_conn option in [database] - the old setting has been used, but please update your config.
[2026-08-20T18:19:55.878+0000] {processor.py:186} INFO - Started process (PID=172) to work on /opt/airflow/dags/reconciliation_dag.py
[2026-08-20T18:19:55.880+0000] {processor.py:914} INFO - Processing file /opt/airflow/dags/reconciliation_dag.py for tasks to queue
[2026-08-20T18:19:55.883+0000] {logging_mixin.py:190} INFO - [2026-08-20T18:19:55.883+0000] {dagbag.py:588} INFO - Filling up the DagBag from /opt/airflow/dags/reconciliation_dag.py
[2026-08-20T18:19:55.915+0000] {processor.py:925} INFO - DAG(s) 'financial_reconciliation_pipeline' retrieved from /opt/airflow/dags/reconciliation_dag.py
[2026-08-20T18:19:55.938+0000] {logging_mixin.py:190} INFO - [2026-08-20T18:19:55.938+0000] {dag.py:3239} INFO - Sync 1 DAGs
[2026-08-20T18:19:55.958+0000] {logging_mixin.py:190} INFO - [2026-08-20T18:19:55.958+0000] {dag.py:4180} INFO - Setting next_dagrun for financial_reconciliation_pipeline to 2026-08-20 00:00:00+00:00, run_after=2026-08-21 00:00:00+00:00
[2026-08-20T18:19:55.977+0000] {processor.py:208} INFO - Processing /opt/airflow/dags/reconciliation_dag.py took 0.108 seconds
[2026-08-20T18:20:26.278+0000] {logging_mixin.py:190} WARNING - /home/airflow/.local/lib/python3.10/site-packages/airflow/settings.py:470 DeprecationWarning: The sql_alchemy_conn option in [core] has been moved to the sql_alchemy_conn option in [database] - the old setting has been used, but please update your config.
[2026-08-20T18:20:26.286+0000] {processor.py:186} INFO - Started process (PID=173) to work on /opt/airflow/dags/reconciliation_dag.py
[2026-08-20T18:20:26.288+0000] {processor.py:914} INFO - Processing file /opt/airflow/dags/reconciliation_dag.py for tasks to queue
[2026-08-20T18:20:26.291+0000] {logging_mixin.py:190} INFO - [2026-08-20T18:20:26.291+0000] {dagbag.py:588} INFO - Filling up the DagBag from /opt/airflow/dags/reconciliation_dag.py
[2026-08-20T18:20:26.324+0000] {processor.py:925} INFO - DAG(s) 'financial_reconciliation_pipeline' retrieved from /opt/airflow/dags/reconciliation_dag.py
[2026-08-20T18:20:26.346+0000] {logging_mixin.py:190} INFO - [2026-08-20T18:20:26.345+0000] {dag.py:3239} INFO - Sync 1 DAGs
[2026-08-20T18:20:26.366+0000] {logging_mixin.py:190} INFO - [2026-08-20T18:20:26.366+0000] {dag.py:4180} INFO - Setting next_dagrun for financial_reconciliation_pipeline to 2026-08-20 00:00:00+00:00, run_after=2026-08-21 00:00:00+00:00
[2026-08-20T18:20:26.407+0000] {processor.py:208} INFO - Processing /opt/airflow/dags/reconciliation_dag.py took 0.133 seconds
[2026-08-20T18:20:56.635+0000] {logging_mixin.py:190} WARNING - /home/airflow/.local/lib/python3.10/site-packages/airflow/settings.py:470 DeprecationWarning: The sql_alchemy_conn option in [core] has been moved to the sql_alchemy_conn option in [database] - the old setting has been used, but please update your config.
[2026-08-20T18:20:56.646+0000] {processor.py:186} INFO - Started process (PID=174) to work on /opt/airflow/dags/reconciliation_dag.py
[2026-08-20T18:20:56.648+0000] {processor.py:914} INFO - Processing file /opt/airflow/dags/reconciliation_dag.py for tasks to queue
[2026-08-20T18:20:56.654+0000] {logging_mixin.py:190} INFO - [2026-08-20T18:20:56.653+0000] {dagbag.py:588} INFO - Filling up the DagBag from /opt/airflow/dags/reconciliation_dag.py
[2026-08-20T18:20:56.702+0000] {processor.py:925} INFO - DAG(s) 'financial_reconciliation_pipeline' retrieved from /opt/airflow/dags/reconciliation_dag.py
[2026-08-20T18:20:56.739+0000] {logging_mixin.py:190} INFO - [2026-08-20T18:20:56.739+0000] {dag.py:3239} INFO - Sync 1 DAGs
[2026-08-20T18:20:56.769+0000] {logging_mixin.py:190} INFO - [2026-08-20T18:20:56.769+0000] {dag.py:4180} INFO - Setting next_dagrun for financial_reconciliation_pipeline to 2026-08-20 00:00:00+00:00, run_after=2026-08-21 00:00:00+00:00
[2026-08-20T18:20:56.813+0000] {processor.py:208} INFO - Processing /opt/airflow/dags/reconciliation_dag.py took 0.183 seconds
[2026-08-20T18:21:26.961+0000] {logging_mixin.py:190} WARNING - /home/airflow/.local/lib/python3.10/site-packages/airflow/settings.py:470 DeprecationWarning: The sql_alchemy_conn option in [core] has been moved to the sql_alchemy_conn option in [database] - the old setting has been used, but please update your config.
[2026-08-20T18:21:26.970+0000] {processor.py:186} INFO - Started process (PID=175) to work on /opt/airflow/dags/reconciliation_dag.py
[2026-08-20T18:21:26.972+0000] {processor.py:914} INFO - Processing file /opt/airflow/dags/reconciliation_dag.py for tasks to queue
[2026-08-20T18:21:26.977+0000] {logging_mixin.py:190} INFO - [2026-08-20T18:21:26.976+0000] {dagbag.py:588} INFO - Filling up the DagBag from /opt/airflow/dags/reconciliation_dag.py
[2026-08-20T18:21:27.015+0000] {processor.py:925} INFO - DAG(s) 'financial_reconciliation_pipeline' retrieved from /opt/airflow/dags/reconciliation_dag.py
[2026-08-20T18:21:27.042+0000] {logging_mixin.py:190} INFO - [2026-08-20T18:21:27.041+0000] {dag.py:3239} INFO - Sync 1 DAGs
[2026-08-20T18:21:27.065+0000] {logging_mixin.py:190} INFO - [2026-08-20T18:21:27.065+0000] {dag.py:4180} INFO - Setting next_dagrun for financial_reconciliation_pipeline to 2026-08-20 00:00:00+00:00, run_after=2026-08-21 00:00:00+00:00
[2026-08-20T18:21:27.108+0000] {processor.py:208} INFO - Processing /opt/airflow/dags/reconciliation_dag.py took 0.151 seconds
[2026-08-20T18:21:57.419+0000] {logging_mixin.py:190} WARNING - /home/airflow/.local/lib/python3.10/site-packages/airflow/settings.py:470 DeprecationWarning: The sql_alchemy_conn option in [core] has been moved to the sql_alchemy_conn option in [database] - the old setting has been used, but please update your config.
[2026-08-20T18:21:57.426+0000] {processor.py:186} INFO - Started process (PID=176) to work on /opt/airflow/dags/reconciliation_dag.py
[2026-08-20T18:21:57.427+0000] {processor.py:914} INFO - Processing file /opt/airflow/dags/reconciliation_dag.py for tasks to queue
[2026-08-20T18:21:57.430+0000] {logging_mixin.py:190} INFO - [2026-08-20T18:21:57.430+0000] {dagbag.py:588} INFO - Filling up the DagBag from /opt/airflow/dags/reconciliation_dag.py
[2026-08-20T18:21:57.475+0000] {processor.py:925} INFO - DAG(s) 'financial_reconciliation_pipeline' retrieved from /opt/airflow/dags/reconciliation_dag.py
[2026-08-20T18:21:57.501+0000] {logging_mixin.py:190} INFO - [2026-08-20T18:21:57.501+0000] {dag.py:3239} INFO - Sync 1 DAGs
[2026-08-20T18:21:57.522+0000] {logging_mixin.py:190} INFO - [2026-08-20T18:21:57.522+0000] {dag.py:4180} INFO - Setting next_dagrun for financial_reconciliation_pipeline to 2026-08-20 00:00:00+00:00, run_after=2026-08-21 00:00:00+00:00
[2026-08-20T18:21:57.563+0000] {processor.py:208} INFO - Processing /opt/airflow/dags/reconciliation_dag.py took 0.146 seconds
[2026-08-20T18:22:27.765+0000] {logging_mixin.py:190} WARNING - /home/airflow/.local/lib/python3.10/site-packages/airflow/settings.py:470 DeprecationWarning: The sql_alchemy_conn option in [core] has been moved to the sql_alchemy_conn option in [database] - the old setting has been used, but please update your config.
[2026-08-20T18:22:27.772+0000] {processor.py:186} INFO - Started process (PID=177) to work on /opt/airflow/dags/reconciliation_dag.py
[2026-08-20T18:22:27.774+0000] {processor.py:914} INFO - Processing file /opt/airflow/dags/reconciliation_dag.py for tasks to queue
[2026-08-20T18:22:27.777+0000] {logging_mixin.py:190} INFO - [2026-08-20T18:22:27.777+0000] {dagbag.py:588} INFO - Filling up the DagBag from /opt/airflow/dags/reconciliation_dag.py
[2026-08-20T18:22:27.817+0000] {processor.py:925} INFO - DAG(s) 'financial_reconciliation_pipeline' retrieved from /opt/airflow/dags/reconciliation_dag.py
[2026-08-20T18:22:27.839+0000] {logging_mixin.py:190} INFO - [2026-08-20T18:22:27.839+0000] {dag.py:3239} INFO - Sync 1 DAGs
[2026-08-20T18:22:27.860+0000] {logging_mixin.py:190} INFO - [2026-08-20T18:22:27.860+0000] {dag.py:4180} INFO - Setting next_dagrun for financial_reconciliation_pipeline to 2026-08-20 00:00:00+00:00, run_after=2026-08-21 00:00:00+00:00
[2026-08-20T18:22:27.905+0000] {processor.py:208} INFO - Processing /opt/airflow/dags/reconciliation_dag.py took 0.143 seconds
[2026-08-20T18:22:58.143+0000] {logging_mixin.py:190} WARNING - /home/airflow/.local/lib/python3.10/site-packages/airflow/settings.py:470 DeprecationWarning: The sql_alchemy_conn option in [core] has been moved to the sql_alchemy_conn option in [database] - the old setting has been used, but please update your config.
[2026-08-20T18:22:58.149+0000] {processor.py:186} INFO - Started process (PID=178) to work on /opt/airflow/dags/reconciliation_dag.py
[2026-08-20T18:22:58.151+0000] {processor.py:914} INFO - Processing file /opt/airflow/dags/reconciliation_dag.py for tasks to queue
[2026-08-20T18:22:58.154+0000] {logging_mixin.py:190} INFO - [2026-08-20T18:22:58.154+0000] {dagbag.py:588} INFO - Filling up the DagBag from /opt/airflow/dags/reconciliation_dag.py
[2026-08-20T18:22:58.195+0000] {processor.py:925} INFO - DAG(s) 'financial_reconciliation_pipeline' retrieved from /opt/airflow/dags/reconciliation_dag.py
[2026-08-20T18:22:58.216+0000] {logging_mixin.py:190} INFO - [2026-08-20T18:22:58.216+0000] {dag.py:3239} INFO - Sync 1 DAGs
[2026-08-20T18:22:58.236+0000] {logging_mixin.py:190} INFO - [2026-08-20T18:22:58.236+0000] {dag.py:4180} INFO - Setting next_dagrun for financial_reconciliation_pipeline to 2026-08-20 00:00:00+00:00, run_after=2026-08-21 00:00:00+00:00
[2026-08-20T18:22:58.254+0000] {processor.py:208} INFO - Processing /opt/airflow/dags/reconciliation_dag.py took 0.114 seconds
[2026-08-20T18:23:28.367+0000] {logging_mixin.py:190} WARNING - /home/airflow/.local/lib/python3.10/site-packages/airflow/settings.py:470 DeprecationWarning: The sql_alchemy_conn option in [core] has been moved to the sql_alchemy_conn option in [database] - the old setting has been used, but please update your config.
[2026-08-20T18:23:28.375+0000] {processor.py:186} INFO - Started process (PID=179) to work on /opt/airflow/dags/reconciliation_dag.py
[2026-08-20T18:23:28.376+0000] {processor.py:914} INFO - Processing file /opt/airflow/dags/reconciliation_dag.py for tasks to queue
[2026-08-20T18:23:28.380+0000] {logging_mixin.py:190} INFO - [2026-08-20T18:23:28.379+0000] {dagbag.py:588} INFO - Filling up the DagBag from /opt/airflow/dags/reconciliation_dag.py
[2026-08-20T18:23:28.409+0000] {processor.py:925} INFO - DAG(s) 'financial_reconciliation_pipeline' retrieved from /opt/airflow/dags/reconciliation_dag.py
[2026-08-20T18:23:28.436+0000] {logging_mixin.py:190} INFO - [2026-08-20T18:23:28.435+0000] {dag.py:3239} INFO - Sync 1 DAGs
[2026-08-20T18:23:28.456+0000] {logging_mixin.py:190} INFO - [2026-08-20T18:23:28.456+0000] {dag.py:4180} INFO - Setting next_dagrun for financial_reconciliation_pipeline to 2026-08-20 00:00:00+00:00, run_after=2026-08-21 00:00:00+00:00
[2026-08-20T18:23:28.477+0000] {processor.py:208} INFO - Processing /opt/airflow/dags/reconciliation_dag.py took 0.113 seconds
[2026-08-20T18:23:58.788+0000] {logging_mixin.py:190} WARNING - /home/airflow/.local/lib/python3.10/site-packages/airflow/settings.py:470 DeprecationWarning: The sql_alchemy_conn option in [core] has been moved to the sql_alchemy_conn option in [database] - the old setting has been used, but please update your config.
[2026-08-20T18:23:58.795+0000] {processor.py:186} INFO - Started process (PID=180) to work on /opt/airflow/dags/reconciliation_dag.py
[2026-08-20T18:23:58.797+0000] {processor.py:914} INFO - Processing file /opt/airflow/dags/reconciliation_dag.py for tasks to queue
[2026-08-20T18:23:58.800+0000] {logging_mixin.py:190} INFO - [2026-08-20T18:23:58.800+0000] {dagbag.py:588} INFO - Filling up the DagBag from /opt/airflow/dags/reconciliation_dag.py
[2026-08-20T18:23:58.842+0000] {processor.py:925} INFO - DAG(s) 'financial_reconciliation_pipeline' retrieved from /opt/airflow/dags/reconciliation_dag.py
[2026-08-20T18:23:58.863+0000] {logging_mixin.py:190} INFO - [2026-08-20T18:23:58.863+0000] {dag.py:3239} INFO - Sync 1 DAGs
[2026-08-20T18:23:58.883+0000] {logging_mixin.py:190} INFO - [2026-08-20T18:23:58.882+0000] {dag.py:4180} INFO - Setting next_dagrun for financial_reconciliation_pipeline to 2026-08-20 00:00:00+00:00, run_after=2026-08-21 00:00:00+00:00
[2026-08-20T18:23:58.924+0000] {processor.py:208} INFO - Processing /opt/airflow/dags/reconciliation_dag.py took 0.138 seconds
[2026-08-20T18:24:29.140+0000] {logging_mixin.py:190} WARNING - /home/airflow/.local/lib/python3.10/site-packages/airflow/settings.py:470 DeprecationWarning: The sql_alchemy_conn option in [core] has been moved to the sql_alchemy_conn option in [database] - the old setting has been used, but please update your config.
[2026-08-20T18:24:29.146+0000] {processor.py:186} INFO - Started process (PID=181) to work on /opt/airflow/dags/reconciliation_dag.py
[2026-08-20T18:24:29.148+0000] {processor.py:914} INFO - Processing file /opt/airflow/dags/reconciliation_dag.py for tasks to queue
[2026-08-20T18:24:29.151+0000] {logging_mixin.py:190} INFO - [2026-08-20T18:24:29.151+0000] {dagbag.py:588} INFO - Filling up the DagBag from /opt/airflow/dags/reconciliation_dag.py
[2026-08-20T18:24:29.195+0000] {processor.py:925} INFO - DAG(s) 'financial_reconciliation_pipeline' retrieved from /opt/airflow/dags/reconciliation_dag.py
[2026-08-20T18:24:29.216+0000] {logging_mixin.py:190} INFO - [2026-08-20T18:24:29.216+0000] {dag.py:3239} INFO - Sync 1 DAGs
[2026-08-20T18:24:29.235+0000] {logging_mixin.py:190} INFO - [2026-08-20T18:24:29.234+0000] {dag.py:4180} INFO - Setting next_dagrun for financial_reconciliation_pipeline to 2026-08-20 00:00:00+00:00, run_after=2026-08-21 00:00:00+00:00
[2026-08-20T18:24:29.258+0000] {processor.py:208} INFO - Processing /opt/airflow/dags/reconciliation_dag.py took 0.121 seconds
[2026-08-20T18:24:59.575+0000] {logging_mixin.py:190} WARNING - /home/airflow/.local/lib/python3.10/site-packages/airflow/settings.py:470 DeprecationWarning: The sql_alchemy_conn option in [core] has been moved to the sql_alchemy_conn option in [database] - the old setting has been used, but please update your config.
[2026-08-20T18:24:59.582+0000] {processor.py:186} INFO - Started process (PID=306) to work on /opt/airflow/dags/reconciliation_dag.py
[2026-08-20T18:24:59.583+0000] {processor.py:914} INFO - Processing file /opt/airflow/dags/reconciliation_dag.py for tasks to queue
[2026-08-20T18:24:59.586+0000] {logging_mixin.py:190} INFO - [2026-08-20T18:24:59.586+0000] {dagbag.py:588} INFO - Filling up the DagBag from /opt/airflow/dags/reconciliation_dag.py
[2026-08-20T18:24:59.629+0000] {processor.py:925} INFO - DAG(s) 'financial_reconciliation_pipeline' retrieved from /opt/airflow/dags/reconciliation_dag.py
[2026-08-20T18:24:59.649+0000] {logging_mixin.py:190} INFO - [2026-08-20T18:24:59.649+0000] {dag.py:3239} INFO - Sync 1 DAGs
[2026-08-20T18:24:59.669+0000] {logging_mixin.py:190} INFO - [2026-08-20T18:24:59.669+0000] {dag.py:4180} INFO - Setting next_dagrun for financial_reconciliation_pipeline to 2026-08-20 00:00:00+00:00, run_after=2026-08-21 00:00:00+00:00
[2026-08-20T18:24:59.703+0000] {processor.py:208} INFO - Processing /opt/airflow/dags/reconciliation_dag.py took 0.130 seconds
[2026-08-20T18:25:30.102+0000] {logging_mixin.py:190} WARNING - /home/airflow/.local/lib/python3.10/site-packages/airflow/settings.py:470 DeprecationWarning: The sql_alchemy_conn option in [core] has been moved to the sql_alchemy_conn option in [database] - the old setting has been used, but please update your config.
[2026-08-20T18:25:30.112+0000] {processor.py:186} INFO - Started process (PID=307) to work on /opt/airflow/dags/reconciliation_dag.py
[2026-08-20T18:25:30.117+0000] {processor.py:914} INFO - Processing file /opt/airflow/dags/reconciliation_dag.py for tasks to queue
[2026-08-20T18:25:30.124+0000] {logging_mixin.py:190} INFO - [2026-08-20T18:25:30.124+0000] {dagbag.py:588} INFO - Filling up the DagBag from /opt/airflow/dags/reconciliation_dag.py
[2026-08-20T18:25:30.290+0000] {processor.py:925} INFO - DAG(s) 'financial_reconciliation_pipeline' retrieved from /opt/airflow/dags/reconciliation_dag.py
[2026-08-20T18:25:30.310+0000] {logging_mixin.py:190} INFO - [2026-08-20T18:25:30.310+0000] {dag.py:3239} INFO - Sync 1 DAGs
[2026-08-20T18:25:30.327+0000] {logging_mixin.py:190} INFO - [2026-08-20T18:25:30.327+0000] {dag.py:4180} INFO - Setting next_dagrun for financial_reconciliation_pipeline to 2026-08-20 00:00:00+00:00, run_after=2026-08-21 00:00:00+00:00
[2026-08-20T18:25:30.351+0000] {processor.py:208} INFO - Processing /opt/airflow/dags/reconciliation_dag.py took 0.251 seconds
[2026-08-20T18:26:00.577+0000] {logging_mixin.py:190} WARNING - /home/airflow/.local/lib/python3.10/site-packages/airflow/settings.py:470 DeprecationWarning: The sql_alchemy_conn option in [core] has been moved to the sql_alchemy_conn option in [database] - the old setting has been used, but please update your config.
[2026-08-20T18:26:00.587+0000] {processor.py:186} INFO - Started process (PID=308) to work on /opt/airflow/dags/reconciliation_dag.py
[2026-08-20T18:26:00.592+0000] {processor.py:914} INFO - Processing file /opt/airflow/dags/reconciliation_dag.py for tasks to queue
[2026-08-20T18:26:00.600+0000] {logging_mixin.py:190} INFO - [2026-08-20T18:26:00.600+0000] {dagbag.py:588} INFO - Filling up the DagBag from /opt/airflow/dags/reconciliation_dag.py
[2026-08-20T18:26:00.779+0000] {processor.py:925} INFO - DAG(s) 'financial_reconciliation_pipeline' retrieved from /opt/airflow/dags/reconciliation_dag.py
[2026-08-20T18:26:00.801+0000] {logging_mixin.py:190} INFO - [2026-08-20T18:26:00.801+0000] {dag.py:3239} INFO - Sync 1 DAGs
[2026-08-20T18:26:00.820+0000] {logging_mixin.py:190} INFO - [2026-08-20T18:26:00.820+0000] {dag.py:4180} INFO - Setting next_dagrun for financial_reconciliation_pipeline to 2026-08-20 00:00:00+00:00, run_after=2026-08-21 00:00:00+00:00
[2026-08-20T18:26:00.849+0000] {processor.py:208} INFO - Processing /opt/airflow/dags/reconciliation_dag.py took 0.275 seconds
[2026-08-20T18:26:31.235+0000] {logging_mixin.py:190} WARNING - /home/airflow/.local/lib/python3.10/site-packages/airflow/settings.py:470 DeprecationWarning: The sql_alchemy_conn option in [core] has been moved to the sql_alchemy_conn option in [database] - the old setting has been used, but please update your config.
[2026-08-20T18:26:31.248+0000] {processor.py:186} INFO - Started process (PID=309) to work on /opt/airflow/dags/reconciliation_dag.py
[2026-08-20T18:26:31.254+0000] {processor.py:914} INFO - Processing file /opt/airflow/dags/reconciliation_dag.py for tasks to queue
[2026-08-20T18:26:31.261+0000] {logging_mixin.py:190} INFO - [2026-08-20T18:26:31.260+0000] {dagbag.py:588} INFO - Filling up the DagBag from /opt/airflow/dags/reconciliation_dag.py
[2026-08-20T18:26:31.338+0000] {processor.py:925} INFO - DAG(s) 'financial_reconciliation_pipeline' retrieved from /opt/airflow/dags/reconciliation_dag.py
[2026-08-20T18:26:31.360+0000] {logging_mixin.py:190} INFO - [2026-08-20T18:26:31.360+0000] {dag.py:3239} INFO - Sync 1 DAGs
[2026-08-20T18:26:31.382+0000] {logging_mixin.py:190} INFO - [2026-08-20T18:26:31.382+0000] {dag.py:4180} INFO - Setting next_dagrun for financial_reconciliation_pipeline to 2026-08-20 00:00:00+00:00, run_after=2026-08-21 00:00:00+00:00
[2026-08-20T18:26:31.402+0000] {processor.py:208} INFO - Processing /opt/airflow/dags/reconciliation_dag.py took 0.170 seconds
[2026-08-20T18:27:01.863+0000] {logging_mixin.py:190} WARNING - /home/airflow/.local/lib/python3.10/site-packages/airflow/settings.py:470 DeprecationWarning: The sql_alchemy_conn option in [core] has been moved to the sql_alchemy_conn option in [database] - the old setting has been used, but please update your config.
[2026-08-20T18:27:01.872+0000] {processor.py:186} INFO - Started process (PID=310) to work on /opt/airflow/dags/reconciliation_dag.py
[2026-08-20T18:27:01.877+0000] {processor.py:914} INFO - Processing file /opt/airflow/dags/reconciliation_dag.py for tasks to queue
[2026-08-20T18:27:01.880+0000] {logging_mixin.py:190} INFO - [2026-08-20T18:27:01.880+0000] {dagbag.py:588} INFO - Filling up the DagBag from /opt/airflow/dags/reconciliation_dag.py
[2026-08-20T18:27:02.033+0000] {processor.py:925} INFO - DAG(s) 'financial_reconciliation_pipeline' retrieved from /opt/airflow/dags/reconciliation_dag.py
[2026-08-20T18:27:02.056+0000] {logging_mixin.py:190} INFO - [2026-08-20T18:27:02.056+0000] {dag.py:3239} INFO - Sync 1 DAGs
[2026-08-20T18:27:02.075+0000] {logging_mixin.py:190} INFO - [2026-08-20T18:27:02.074+0000] {dag.py:4180} INFO - Setting next_dagrun for financial_reconciliation_pipeline to 2026-08-20 00:00:00+00:00, run_after=2026-08-21 00:00:00+00:00
[2026-08-20T18:27:02.102+0000] {processor.py:208} INFO - Processing /opt/airflow/dags/reconciliation_dag.py took 0.241 seconds
[2026-08-20T18:27:32.385+0000] {logging_mixin.py:190} WARNING - /home/airflow/.local/lib/python3.10/site-packages/airflow/settings.py:470 DeprecationWarning: The sql_alchemy_conn option in [core] has been moved to the sql_alchemy_conn option in [database] - the old setting has been used, but please update your config.
[2026-08-20T18:27:32.395+0000] {processor.py:186} INFO - Started process (PID=311) to work on /opt/airflow/dags/reconciliation_dag.py
[2026-08-20T18:27:32.397+0000] {processor.py:914} INFO - Processing file /opt/airflow/dags/reconciliation_dag.py for tasks to queue
[2026-08-20T18:27:32.405+0000] {logging_mixin.py:190} INFO - [2026-08-20T18:27:32.405+0000] {dagbag.py:588} INFO - Filling up the DagBag from /opt/airflow/dags/reconciliation_dag.py
[2026-08-20T18:27:32.548+0000] {processor.py:925} INFO - DAG(s) 'financial_reconciliation_pipeline' retrieved from /opt/airflow/dags/reconciliation_dag.py
[2026-08-20T18:27:32.567+0000] {logging_mixin.py:190} INFO - [2026-08-20T18:27:32.567+0000] {dag.py:3239} INFO - Sync 1 DAGs
[2026-08-20T18:27:32.586+0000] {logging_mixin.py:190} INFO - [2026-08-20T18:27:32.586+0000] {dag.py:4180} INFO - Setting next_dagrun for financial_reconciliation_pipeline to 2026-08-20 00:00:00+00:00, run_after=2026-08-21 00:00:00+00:00
[2026-08-20T18:27:32.609+0000] {processor.py:208} INFO - Processing /opt/airflow/dags/reconciliation_dag.py took 0.226 seconds
[2026-08-20T18:28:03.002+0000] {logging_mixin.py:190} WARNING - /home/airflow/.local/lib/python3.10/site-packages/airflow/settings.py:470 DeprecationWarning: The sql_alchemy_conn option in [core] has been moved to the sql_alchemy_conn option in [database] - the old setting has been used, but please update your config.
[2026-08-20T18:28:03.011+0000] {processor.py:186} INFO - Started process (PID=312) to work on /opt/airflow/dags/reconciliation_dag.py
[2026-08-20T18:28:03.014+0000] {processor.py:914} INFO - Processing file /opt/airflow/dags/reconciliation_dag.py for tasks to queue
[2026-08-20T18:28:03.018+0000] {logging_mixin.py:190} INFO - [2026-08-20T18:28:03.018+0000] {dagbag.py:588} INFO - Filling up the DagBag from /opt/airflow/dags/reconciliation_dag.py
[2026-08-20T18:28:03.194+0000] {processor.py:925} INFO - DAG(s) 'financial_reconciliation_pipeline' retrieved from /opt/airflow/dags/reconciliation_dag.py
[2026-08-20T18:28:03.211+0000] {logging_mixin.py:190} INFO - [2026-08-20T18:28:03.211+0000] {dag.py:3239} INFO - Sync 1 DAGs
[2026-08-20T18:28:03.227+0000] {logging_mixin.py:190} INFO - [2026-08-20T18:28:03.227+0000] {dag.py:4180} INFO - Setting next_dagrun for financial_reconciliation_pipeline to 2026-08-20 00:00:00+00:00, run_after=2026-08-21 00:00:00+00:00
[2026-08-20T18:28:03.255+0000] {processor.py:208} INFO - Processing /opt/airflow/dags/reconciliation_dag.py took 0.255 seconds
[2026-08-20T18:28:33.502+0000] {logging_mixin.py:190} WARNING - /home/airflow/.local/lib/python3.10/site-packages/airflow/settings.py:470 DeprecationWarning: The sql_alchemy_conn option in [core] has been moved to the sql_alchemy_conn option in [database] - the old setting has been used, but please update your config.
[2026-08-20T18:28:33.509+0000] {processor.py:186} INFO - Started process (PID=313) to work on /opt/airflow/dags/reconciliation_dag.py
[2026-08-20T18:28:33.513+0000] {processor.py:914} INFO - Processing file /opt/airflow/dags/reconciliation_dag.py for tasks to queue
[2026-08-20T18:28:33.519+0000] {logging_mixin.py:190} INFO - [2026-08-20T18:28:33.519+0000] {dagbag.py:588} INFO - Filling up the DagBag from /opt/airflow/dags/reconciliation_dag.py
[2026-08-20T18:28:33.628+0000] {processor.py:925} INFO - DAG(s) 'financial_reconciliation_pipeline' retrieved from /opt/airflow/dags/reconciliation_dag.py
[2026-08-20T18:28:33.649+0000] {logging_mixin.py:190} INFO - [2026-08-20T18:28:33.648+0000] {dag.py:3239} INFO - Sync 1 DAGs
[2026-08-20T18:28:33.667+0000] {logging_mixin.py:190} INFO - [2026-08-20T18:28:33.667+0000] {dag.py:4180} INFO - Setting next_dagrun for financial_reconciliation_pipeline to 2026-08-20 00:00:00+00:00, run_after=2026-08-21 00:00:00+00:00
[2026-08-20T18:28:33.684+0000] {processor.py:208} INFO - Processing /opt/airflow/dags/reconciliation_dag.py took 0.185 seconds
[2026-08-20T18:29:04.186+0000] {logging_mixin.py:190} WARNING - /home/airflow/.local/lib/python3.10/site-packages/airflow/settings.py:470 DeprecationWarning: The sql_alchemy_conn option in [core] has been moved to the sql_alchemy_conn option in [database] - the old setting has been used, but please update your config.
[2026-08-20T18:29:04.194+0000] {processor.py:186} INFO - Started process (PID=314) to work on /opt/airflow/dags/reconciliation_dag.py
[2026-08-20T18:29:04.196+0000] {processor.py:914} INFO - Processing file /opt/airflow/dags/reconciliation_dag.py for tasks to queue
[2026-08-20T18:29:04.200+0000] {logging_mixin.py:190} INFO - [2026-08-20T18:29:04.200+0000] {dagbag.py:588} INFO - Filling up the DagBag from /opt/airflow/dags/reconciliation_dag.py
[2026-08-20T18:29:04.251+0000] {processor.py:925} INFO - DAG(s) 'financial_reconciliation_pipeline' retrieved from /opt/airflow/dags/reconciliation_dag.py
[2026-08-20T18:29:04.267+0000] {logging_mixin.py:190} INFO - [2026-08-20T18:29:04.267+0000] {dag.py:3239} INFO - Sync 1 DAGs
[2026-08-20T18:29:04.282+0000] {logging_mixin.py:190} INFO - [2026-08-20T18:29:04.282+0000] {dag.py:4180} INFO - Setting next_dagrun for financial_reconciliation_pipeline to 2026-08-20 00:00:00+00:00, run_after=2026-08-21 00:00:00+00:00
[2026-08-20T18:29:04.296+0000] {processor.py:208} INFO - Processing /opt/airflow/dags/reconciliation_dag.py took 0.112 seconds
[2026-08-20T18:29:34.569+0000] {logging_mixin.py:190} WARNING - /home/airflow/.local/lib/python3.10/site-packages/airflow/settings.py:470 DeprecationWarning: The sql_alchemy_conn option in [core] has been moved to the sql_alchemy_conn option in [database] - the old setting has been used, but please update your config.
[2026-08-20T18:29:34.576+0000] {processor.py:186} INFO - Started process (PID=315) to work on /opt/airflow/dags/reconciliation_dag.py
[2026-08-20T18:29:34.578+0000] {processor.py:914} INFO - Processing file /opt/airflow/dags/reconciliation_dag.py for tasks to queue
[2026-08-20T18:29:34.582+0000] {logging_mixin.py:190} INFO - [2026-08-20T18:29:34.582+0000] {dagbag.py:588} INFO - Filling up the DagBag from /opt/airflow/dags/reconciliation_dag.py
[2026-08-20T18:29:34.642+0000] {processor.py:925} INFO - DAG(s) 'financial_reconciliation_pipeline' retrieved from /opt/airflow/dags/reconciliation_dag.py
[2026-08-20T18:29:34.675+0000] {logging_mixin.py:190} INFO - [2026-08-20T18:29:34.674+0000] {dag.py:3239} INFO - Sync 1 DAGs
[2026-08-20T18:29:34.698+0000] {logging_mixin.py:190} INFO - [2026-08-20T18:29:34.697+0000] {dag.py:4180} INFO - Setting next_dagrun for financial_reconciliation_pipeline to 2026-08-20 00:00:00+00:00, run_after=2026-08-21 00:00:00+00:00
[2026-08-20T18:29:34.717+0000] {processor.py:208} INFO - Processing /opt/airflow/dags/reconciliation_dag.py took 0.150 seconds
[2026-08-20T18:30:05.001+0000] {logging_mixin.py:190} WARNING - /home/airflow/.local/lib/python3.10/site-packages/airflow/settings.py:470 DeprecationWarning: The sql_alchemy_conn option in [core] has been moved to the sql_alchemy_conn option in [database] - the old setting has been used, but please update your config.
[2026-08-20T18:30:05.009+0000] {processor.py:186} INFO - Started process (PID=316) to work on /opt/airflow/dags/reconciliation_dag.py
[2026-08-20T18:30:05.015+0000] {processor.py:914} INFO - Processing file /opt/airflow/dags/reconciliation_dag.py for tasks to queue
[2026-08-20T18:30:05.019+0000] {logging_mixin.py:190} INFO - [2026-08-20T18:30:05.019+0000] {dagbag.py:588} INFO - Filling up the DagBag from /opt/airflow/dags/reconciliation_dag.py
[2026-08-20T18:30:05.113+0000] {processor.py:925} INFO - DAG(s) 'financial_reconciliation_pipeline' retrieved from /opt/airflow/dags/reconciliation_dag.py
[2026-08-20T18:30:05.132+0000] {logging_mixin.py:190} INFO - [2026-08-20T18:30:05.132+0000] {dag.py:3239} INFO - Sync 1 DAGs
[2026-08-20T18:30:05.154+0000] {logging_mixin.py:190} INFO - [2026-08-20T18:30:05.154+0000] {dag.py:4180} INFO - Setting next_dagrun for financial_reconciliation_pipeline to 2026-08-20 00:00:00+00:00, run_after=2026-08-21 00:00:00+00:00
[2026-08-20T18:30:05.174+0000] {processor.py:208} INFO - Processing /opt/airflow/dags/reconciliation_dag.py took 0.176 seconds
[2026-08-20T18:30:35.354+0000] {logging_mixin.py:190} WARNING - /home/airflow/.local/lib/python3.10/site-packages/airflow/settings.py:470 DeprecationWarning: The sql_alchemy_conn option in [core] has been moved to the sql_alchemy_conn option in [database] - the old setting has been used, but please update your config.
[2026-08-20T18:30:35.361+0000] {processor.py:186} INFO - Started process (PID=317) to work on /opt/airflow/dags/reconciliation_dag.py
[2026-08-20T18:30:35.363+0000] {processor.py:914} INFO - Processing file /opt/airflow/dags/reconciliation_dag.py for tasks to queue
[2026-08-20T18:30:35.367+0000] {logging_mixin.py:190} INFO - [2026-08-20T18:30:35.367+0000] {dagbag.py:588} INFO - Filling up the DagBag from /opt/airflow/dags/reconciliation_dag.py
[2026-08-20T18:30:35.430+0000] {processor.py:925} INFO - DAG(s) 'financial_reconciliation_pipeline' retrieved from /opt/airflow/dags/reconciliation_dag.py
[2026-08-20T18:30:35.464+0000] {logging_mixin.py:190} INFO - [2026-08-20T18:30:35.463+0000] {dag.py:3239} INFO - Sync 1 DAGs
[2026-08-20T18:30:35.490+0000] {logging_mixin.py:190} INFO - [2026-08-20T18:30:35.490+0000] {dag.py:4180} INFO - Setting next_dagrun for financial_reconciliation_pipeline to 2026-08-20 00:00:00+00:00, run_after=2026-08-21 00:00:00+00:00
[2026-08-20T18:30:35.509+0000] {processor.py:208} INFO - Processing /opt/airflow/dags/reconciliation_dag.py took 0.158 seconds
[2026-08-20T18:31:05.783+0000] {logging_mixin.py:190} WARNING - /home/airflow/.local/lib/python3.10/site-packages/airflow/settings.py:470 DeprecationWarning: The sql_alchemy_conn option in [core] has been moved to the sql_alchemy_conn option in [database] - the old setting has been used, but please update your config.
[2026-08-20T18:31:05.789+0000] {processor.py:186} INFO - Started process (PID=318) to work on /opt/airflow/dags/reconciliation_dag.py
[2026-08-20T18:31:05.791+0000] {processor.py:914} INFO - Processing file /opt/airflow/dags/reconciliation_dag.py for tasks to queue
[2026-08-20T18:31:05.794+0000] {logging_mixin.py:190} INFO - [2026-08-20T18:31:05.794+0000] {dagbag.py:588} INFO - Filling up the DagBag from /opt/airflow/dags/reconciliation_dag.py
[2026-08-20T18:31:05.850+0000] {processor.py:925} INFO - DAG(s) 'financial_reconciliation_pipeline' retrieved from /opt/airflow/dags/reconciliation_dag.py
[2026-08-20T18:31:05.868+0000] {logging_mixin.py:190} INFO - [2026-08-20T18:31:05.868+0000] {dag.py:3239} INFO - Sync 1 DAGs
[2026-08-20T18:31:05.887+0000] {logging_mixin.py:190} INFO - [2026-08-20T18:31:05.887+0000] {dag.py:4180} INFO - Setting next_dagrun for financial_reconciliation_pipeline to 2026-08-20 00:00:00+00:00, run_after=2026-08-21 00:00:00+00:00
[2026-08-20T18:31:05.902+0000] {processor.py:208} INFO - Processing /opt/airflow/dags/reconciliation_dag.py took 0.121 seconds
[2026-08-20T18:31:36.095+0000] {logging_mixin.py:190} WARNING - /home/airflow/.local/lib/python3.10/site-packages/airflow/settings.py:470 DeprecationWarning: The sql_alchemy_conn option in [core] has been moved to the sql_alchemy_conn option in [database] - the old setting has been used, but please update your config.
[2026-08-20T18:31:36.101+0000] {processor.py:186} INFO - Started process (PID=319) to work on /opt/airflow/dags/reconciliation_dag.py
[2026-08-20T18:31:36.104+0000] {processor.py:914} INFO - Processing file /opt/airflow/dags/reconciliation_dag.py for tasks to queue
[2026-08-20T18:31:36.107+0000] {logging_mixin.py:190} INFO - [2026-08-20T18:31:36.107+0000] {dagbag.py:588} INFO - Filling up the DagBag from /opt/airflow/dags/reconciliation_dag.py
[2026-08-20T18:31:36.153+0000] {processor.py:925} INFO - DAG(s) 'financial_reconciliation_pipeline' retrieved from /opt/airflow/dags/reconciliation_dag.py
[2026-08-20T18:31:36.171+0000] {logging_mixin.py:190} INFO - [2026-08-20T18:31:36.171+0000] {dag.py:3239} INFO - Sync 1 DAGs
[2026-08-20T18:31:36.188+0000] {logging_mixin.py:190} INFO - [2026-08-20T18:31:36.188+0000] {dag.py:4180} INFO - Setting next_dagrun for financial_reconciliation_pipeline to 2026-08-20 00:00:00+00:00, run_after=2026-08-21 00:00:00+00:00
[2026-08-20T18:31:36.204+0000] {processor.py:208} INFO - Processing /opt/airflow/dags/reconciliation_dag.py took 0.111 seconds
[2026-08-20T18:32:06.447+0000] {logging_mixin.py:190} WARNING - /home/airflow/.local/lib/python3.10/site-packages/airflow/settings.py:470 DeprecationWarning: The sql_alchemy_conn option in [core] has been moved to the sql_alchemy_conn option in [database] - the old setting has been used, but please update your config.
[2026-08-20T18:32:06.453+0000] {processor.py:186} INFO - Started process (PID=320) to work on /opt/airflow/dags/reconciliation_dag.py
[2026-08-20T18:32:06.455+0000] {processor.py:914} INFO - Processing file /opt/airflow/dags/reconciliation_dag.py for tasks to queue
[2026-08-20T18:32:06.459+0000] {logging_mixin.py:190} INFO - [2026-08-20T18:32:06.459+0000] {dagbag.py:588} INFO - Filling up the DagBag from /opt/airflow/dags/reconciliation_dag.py
[2026-08-20T18:32:06.509+0000] {processor.py:925} INFO - DAG(s) 'financial_reconciliation_pipeline' retrieved from /opt/airflow/dags/reconciliation_dag.py
[2026-08-20T18:32:06.531+0000] {logging_mixin.py:190} INFO - [2026-08-20T18:32:06.531+0000] {dag.py:3239} INFO - Sync 1 DAGs
[2026-08-20T18:32:06.547+0000] {logging_mixin.py:190} INFO - [2026-08-20T18:32:06.547+0000] {dag.py:4180} INFO - Setting next_dagrun for financial_reconciliation_pipeline to 2026-08-20 00:00:00+00:00, run_after=2026-08-21 00:00:00+00:00
[2026-08-20T18:32:06.561+0000] {processor.py:208} INFO - Processing /opt/airflow/dags/reconciliation_dag.py took 0.116 seconds
[2026-08-20T18:32:36.778+0000] {logging_mixin.py:190} WARNING - /home/airflow/.local/lib/python3.10/site-packages/airflow/settings.py:470 DeprecationWarning: The sql_alchemy_conn option in [core] has been moved to the sql_alchemy_conn option in [database] - the old setting has been used, but please update your config.
[2026-08-20T18:32:36.786+0000] {processor.py:186} INFO - Started process (PID=321) to work on /opt/airflow/dags/reconciliation_dag.py
[2026-08-20T18:32:36.788+0000] {processor.py:914} INFO - Processing file /opt/airflow/dags/reconciliation_dag.py for tasks to queue
[2026-08-20T18:32:36.792+0000] {logging_mixin.py:190} INFO - [2026-08-20T18:32:36.792+0000] {dagbag.py:588} INFO - Filling up the DagBag from /opt/airflow/dags/reconciliation_dag.py
[2026-08-20T18:32:36.843+0000] {processor.py:925} INFO - DAG(s) 'financial_reconciliation_pipeline' retrieved from /opt/airflow/dags/reconciliation_dag.py
[2026-08-20T18:32:36.859+0000] {logging_mixin.py:190} INFO - [2026-08-20T18:32:36.859+0000] {dag.py:3239} INFO - Sync 1 DAGs
[2026-08-20T18:32:36.876+0000] {logging_mixin.py:190} INFO - [2026-08-20T18:32:36.876+0000] {dag.py:4180} INFO - Setting next_dagrun for financial_reconciliation_pipeline to 2026-08-20 00:00:00+00:00, run_after=2026-08-21 00:00:00+00:00
[2026-08-20T18:32:36.901+0000] {processor.py:208} INFO - Processing /opt/airflow/dags/reconciliation_dag.py took 0.125 seconds
[2026-08-20T18:33:07.207+0000] {logging_mixin.py:190} WARNING - /home/airflow/.local/lib/python3.10/site-packages/airflow/settings.py:470 DeprecationWarning: The sql_alchemy_conn option in [core] has been moved to the sql_alchemy_conn option in [database] - the old setting has been used, but please update your config.
[2026-08-20T18:33:07.214+0000] {processor.py:186} INFO - Started process (PID=322) to work on /opt/airflow/dags/reconciliation_dag.py
[2026-08-20T18:33:07.216+0000] {processor.py:914} INFO - Processing file /opt/airflow/dags/reconciliation_dag.py for tasks to queue
[2026-08-20T18:33:07.219+0000] {logging_mixin.py:190} INFO - [2026-08-20T18:33:07.219+0000] {dagbag.py:588} INFO - Filling up the DagBag from /opt/airflow/dags/reconciliation_dag.py
[2026-08-20T18:33:07.262+0000] {processor.py:925} INFO - DAG(s) 'financial_reconciliation_pipeline' retrieved from /opt/airflow/dags/reconciliation_dag.py
[2026-08-20T18:33:07.283+0000] {logging_mixin.py:190} INFO - [2026-08-20T18:33:07.283+0000] {dag.py:3239} INFO - Sync 1 DAGs
[2026-08-20T18:33:07.302+0000] {logging_mixin.py:190} INFO - [2026-08-20T18:33:07.302+0000] {dag.py:4180} INFO - Setting next_dagrun for financial_reconciliation_pipeline to 2026-08-20 00:00:00+00:00, run_after=2026-08-21 00:00:00+00:00
[2026-08-20T18:33:07.327+0000] {processor.py:208} INFO - Processing /opt/airflow/dags/reconciliation_dag.py took 0.123 seconds
[2026-08-20T19:40:25.456+0000] {logging_mixin.py:190} WARNING - /home/airflow/.local/lib/python3.10/site-packages/airflow/settings.py:470 DeprecationWarning: The sql_alchemy_conn option in [core] has been moved to the sql_alchemy_conn option in [database] - the old setting has been used, but please update your config.
[2026-08-20T19:40:25.464+0000] {processor.py:186} INFO - Started process (PID=46) to work on /opt/airflow/dags/reconciliation_dag.py
[2026-08-20T19:40:25.466+0000] {processor.py:914} INFO - Processing file /opt/airflow/dags/reconciliation_dag.py for tasks to queue
[2026-08-20T19:40:25.469+0000] {logging_mixin.py:190} INFO - [2026-08-20T19:40:25.469+0000] {dagbag.py:588} INFO - Filling up the DagBag from /opt/airflow/dags/reconciliation_dag.py
[2026-08-20T19:40:25.566+0000] {processor.py:925} INFO - DAG(s) 'financial_reconciliation_pipeline' retrieved from /opt/airflow/dags/reconciliation_dag.py
[2026-08-20T19:40:25.696+0000] {logging_mixin.py:190} INFO - [2026-08-20T19:40:25.696+0000] {override.py:1911} INFO - Created Permission View: can read on DAG:financial_reconciliation_pipeline
[2026-08-20T19:40:25.708+0000] {logging_mixin.py:190} INFO - [2026-08-20T19:40:25.708+0000] {override.py:1911} INFO - Created Permission View: can edit on DAG:financial_reconciliation_pipeline
[2026-08-20T19:40:25.716+0000] {logging_mixin.py:190} INFO - [2026-08-20T19:40:25.716+0000] {override.py:1911} INFO - Created Permission View: can delete on DAG:financial_reconciliation_pipeline
[2026-08-20T19:40:25.728+0000] {logging_mixin.py:190} INFO - [2026-08-20T19:40:25.728+0000] {override.py:1911} INFO - Created Permission View: can read on DAG Run:financial_reconciliation_pipeline
[2026-08-20T19:40:25.735+0000] {logging_mixin.py:190} INFO - [2026-08-20T19:40:25.735+0000] {override.py:1911} INFO - Created Permission View: menu access on DAG Run:financial_reconciliation_pipeline
[2026-08-20T19:40:25.740+0000] {logging_mixin.py:190} INFO - [2026-08-20T19:40:25.740+0000] {override.py:1911} INFO - Created Permission View: can create on DAG Run:financial_reconciliation_pipeline
[2026-08-20T19:40:25.745+0000] {logging_mixin.py:190} INFO - [2026-08-20T19:40:25.745+0000] {override.py:1911} INFO - Created Permission View: can delete on DAG Run:financial_reconciliation_pipeline
[2026-08-20T19:40:25.747+0000] {logging_mixin.py:190} INFO - [2026-08-20T19:40:25.746+0000] {dag.py:3239} INFO - Sync 1 DAGs
[2026-08-20T19:40:25.756+0000] {logging_mixin.py:190} INFO - [2026-08-20T19:40:25.755+0000] {dag.py:3262} INFO - Creating ORM DAG for financial_reconciliation_pipeline
[2026-08-20T19:40:25.763+0000] {logging_mixin.py:190} INFO - [2026-08-20T19:40:25.763+0000] {dag.py:4180} INFO - Setting next_dagrun for financial_reconciliation_pipeline to 2026-08-19 00:00:00+00:00, run_after=2026-08-20 00:00:00+00:00
[2026-08-20T19:40:25.780+0000] {processor.py:208} INFO - Processing /opt/airflow/dags/reconciliation_dag.py took 0.326 seconds
[2026-08-20T19:40:55.995+0000] {logging_mixin.py:190} WARNING - /home/airflow/.local/lib/python3.10/site-packages/airflow/settings.py:470 DeprecationWarning: The sql_alchemy_conn option in [core] has been moved to the sql_alchemy_conn option in [database] - the old setting has been used, but please update your config.
[2026-08-20T19:40:56.002+0000] {processor.py:186} INFO - Started process (PID=47) to work on /opt/airflow/dags/reconciliation_dag.py
[2026-08-20T19:40:56.003+0000] {processor.py:914} INFO - Processing file /opt/airflow/dags/reconciliation_dag.py for tasks to queue
[2026-08-20T19:40:56.007+0000] {logging_mixin.py:190} INFO - [2026-08-20T19:40:56.007+0000] {dagbag.py:588} INFO - Filling up the DagBag from /opt/airflow/dags/reconciliation_dag.py
[2026-08-20T19:40:56.051+0000] {processor.py:925} INFO - DAG(s) 'financial_reconciliation_pipeline' retrieved from /opt/airflow/dags/reconciliation_dag.py
[2026-08-20T19:40:56.071+0000] {logging_mixin.py:190} INFO - [2026-08-20T19:40:56.070+0000] {dag.py:3239} INFO - Sync 1 DAGs
[2026-08-20T19:40:56.085+0000] {logging_mixin.py:190} INFO - [2026-08-20T19:40:56.085+0000] {dag.py:4180} INFO - Setting next_dagrun for financial_reconciliation_pipeline to 2026-08-19 00:00:00+00:00, run_after=2026-08-20 00:00:00+00:00
[2026-08-20T19:40:56.099+0000] {processor.py:208} INFO - Processing /opt/airflow/dags/reconciliation_dag.py took 0.107 seconds
[2026-08-20T19:41:26.277+0000] {logging_mixin.py:190} WARNING - /home/airflow/.local/lib/python3.10/site-packages/airflow/settings.py:470 DeprecationWarning: The sql_alchemy_conn option in [core] has been moved to the sql_alchemy_conn option in [database] - the old setting has been used, but please update your config.
[2026-08-20T19:41:26.282+0000] {processor.py:186} INFO - Started process (PID=48) to work on /opt/airflow/dags/reconciliation_dag.py
[2026-08-20T19:41:26.284+0000] {processor.py:914} INFO - Processing file /opt/airflow/dags/reconciliation_dag.py for tasks to queue
[2026-08-20T19:41:26.287+0000] {logging_mixin.py:190} INFO - [2026-08-20T19:41:26.287+0000] {dagbag.py:588} INFO - Filling up the DagBag from /opt/airflow/dags/reconciliation_dag.py
[2026-08-20T19:41:26.326+0000] {processor.py:925} INFO - DAG(s) 'financial_reconciliation_pipeline' retrieved from /opt/airflow/dags/reconciliation_dag.py
[2026-08-20T19:41:26.342+0000] {logging_mixin.py:190} INFO - [2026-08-20T19:41:26.342+0000] {dag.py:3239} INFO - Sync 1 DAGs
[2026-08-20T19:41:26.357+0000] {logging_mixin.py:190} INFO - [2026-08-20T19:41:26.357+0000] {dag.py:4180} INFO - Setting next_dagrun for financial_reconciliation_pipeline to 2026-08-19 00:00:00+00:00, run_after=2026-08-20 00:00:00+00:00
[2026-08-20T19:41:26.372+0000] {processor.py:208} INFO - Processing /opt/airflow/dags/reconciliation_dag.py took 0.097 seconds
[2026-08-20T19:41:56.570+0000] {logging_mixin.py:190} WARNING - /home/airflow/.local/lib/python3.10/site-packages/airflow/settings.py:470 DeprecationWarning: The sql_alchemy_conn option in [core] has been moved to the sql_alchemy_conn option in [database] - the old setting has been used, but please update your config.
[2026-08-20T19:41:56.576+0000] {processor.py:186} INFO - Started process (PID=491) to work on /opt/airflow/dags/reconciliation_dag.py
[2026-08-20T19:41:56.578+0000] {processor.py:914} INFO - Processing file /opt/airflow/dags/reconciliation_dag.py for tasks to queue
[2026-08-20T19:41:56.581+0000] {logging_mixin.py:190} INFO - [2026-08-20T19:41:56.581+0000] {dagbag.py:588} INFO - Filling up the DagBag from /opt/airflow/dags/reconciliation_dag.py
[2026-08-20T19:41:56.624+0000] {processor.py:925} INFO - DAG(s) 'financial_reconciliation_pipeline' retrieved from /opt/airflow/dags/reconciliation_dag.py
[2026-08-20T19:41:56.646+0000] {logging_mixin.py:190} INFO - [2026-08-20T19:41:56.646+0000] {dag.py:3239} INFO - Sync 1 DAGs
[2026-08-20T19:41:56.665+0000] {logging_mixin.py:190} INFO - [2026-08-20T19:41:56.665+0000] {dag.py:4180} INFO - Setting next_dagrun for financial_reconciliation_pipeline to 2026-08-20 00:00:00+00:00, run_after=2026-08-21 00:00:00+00:00
[2026-08-20T19:41:56.685+0000] {processor.py:208} INFO - Processing /opt/airflow/dags/reconciliation_dag.py took 0.116 seconds
[2026-08-20T19:42:26.815+0000] {logging_mixin.py:190} WARNING - /home/airflow/.local/lib/python3.10/site-packages/airflow/settings.py:470 DeprecationWarning: The sql_alchemy_conn option in [core] has been moved to the sql_alchemy_conn option in [database] - the old setting has been used, but please update your config.
[2026-08-20T19:42:26.819+0000] {processor.py:186} INFO - Started process (PID=1031) to work on /opt/airflow/dags/reconciliation_dag.py
[2026-08-20T19:42:26.820+0000] {processor.py:914} INFO - Processing file /opt/airflow/dags/reconciliation_dag.py for tasks to queue
[2026-08-20T19:42:26.823+0000] {logging_mixin.py:190} INFO - [2026-08-20T19:42:26.823+0000] {dagbag.py:588} INFO - Filling up the DagBag from /opt/airflow/dags/reconciliation_dag.py
[2026-08-20T19:42:26.843+0000] {processor.py:925} INFO - DAG(s) 'financial_reconciliation_pipeline' retrieved from /opt/airflow/dags/reconciliation_dag.py
[2026-08-20T19:42:26.859+0000] {logging_mixin.py:190} INFO - [2026-08-20T19:42:26.859+0000] {dag.py:3239} INFO - Sync 1 DAGs
[2026-08-20T19:42:26.873+0000] {logging_mixin.py:190} INFO - [2026-08-20T19:42:26.873+0000] {dag.py:4180} INFO - Setting next_dagrun for financial_reconciliation_pipeline to 2026-08-20 00:00:00+00:00, run_after=2026-08-21 00:00:00+00:00
[2026-08-20T19:42:26.890+0000] {processor.py:208} INFO - Processing /opt/airflow/dags/reconciliation_dag.py took 0.078 seconds
[2026-08-20T19:42:57.230+0000] {logging_mixin.py:190} WARNING - /home/airflow/.local/lib/python3.10/site-packages/airflow/settings.py:470 DeprecationWarning: The sql_alchemy_conn option in [core] has been moved to the sql_alchemy_conn option in [database] - the old setting has been used, but please update your config.
[2026-08-20T19:42:57.246+0000] {processor.py:186} INFO - Started process (PID=1032) to work on /opt/airflow/dags/reconciliation_dag.py
[2026-08-20T19:42:57.248+0000] {processor.py:914} INFO - Processing file /opt/airflow/dags/reconciliation_dag.py for tasks to queue
[2026-08-20T19:42:57.253+0000] {logging_mixin.py:190} INFO - [2026-08-20T19:42:57.253+0000] {dagbag.py:588} INFO - Filling up the DagBag from /opt/airflow/dags/reconciliation_dag.py
[2026-08-20T19:42:57.309+0000] {processor.py:925} INFO - DAG(s) 'financial_reconciliation_pipeline' retrieved from /opt/airflow/dags/reconciliation_dag.py
[2026-08-20T19:42:57.329+0000] {logging_mixin.py:190} INFO - [2026-08-20T19:42:57.329+0000] {dag.py:3239} INFO - Sync 1 DAGs
[2026-08-20T19:42:57.347+0000] {logging_mixin.py:190} INFO - [2026-08-20T19:42:57.347+0000] {dag.py:4180} INFO - Setting next_dagrun for financial_reconciliation_pipeline to 2026-08-20 00:00:00+00:00, run_after=2026-08-21 00:00:00+00:00
[2026-08-20T19:42:57.366+0000] {processor.py:208} INFO - Processing /opt/airflow/dags/reconciliation_dag.py took 0.138 seconds
[2026-08-20T19:43:27.471+0000] {logging_mixin.py:190} WARNING - /home/airflow/.local/lib/python3.10/site-packages/airflow/settings.py:470 DeprecationWarning: The sql_alchemy_conn option in [core] has been moved to the sql_alchemy_conn option in [database] - the old setting has been used, but please update your config.
[2026-08-20T19:43:27.477+0000] {processor.py:186} INFO - Started process (PID=1033) to work on /opt/airflow/dags/reconciliation_dag.py
[2026-08-20T19:43:27.478+0000] {processor.py:914} INFO - Processing file /opt/airflow/dags/reconciliation_dag.py for tasks to queue
[2026-08-20T19:43:27.480+0000] {logging_mixin.py:190} INFO - [2026-08-20T19:43:27.480+0000] {dagbag.py:588} INFO - Filling up the DagBag from /opt/airflow/dags/reconciliation_dag.py
[2026-08-20T19:43:27.500+0000] {processor.py:925} INFO - DAG(s) 'financial_reconciliation_pipeline' retrieved from /opt/airflow/dags/reconciliation_dag.py
[2026-08-20T19:43:27.518+0000] {logging_mixin.py:190} INFO - [2026-08-20T19:43:27.518+0000] {dag.py:3239} INFO - Sync 1 DAGs
[2026-08-20T19:43:27.534+0000] {logging_mixin.py:190} INFO - [2026-08-20T19:43:27.534+0000] {dag.py:4180} INFO - Setting next_dagrun for financial_reconciliation_pipeline to 2026-08-20 00:00:00+00:00, run_after=2026-08-21 00:00:00+00:00
[2026-08-20T19:43:27.551+0000] {processor.py:208} INFO - Processing /opt/airflow/dags/reconciliation_dag.py took 0.082 seconds
[2026-08-20T19:43:57.731+0000] {logging_mixin.py:190} WARNING - /home/airflow/.local/lib/python3.10/site-packages/airflow/settings.py:470 DeprecationWarning: The sql_alchemy_conn option in [core] has been moved to the sql_alchemy_conn option in [database] - the old setting has been used, but please update your config.
[2026-08-20T19:43:57.736+0000] {processor.py:186} INFO - Started process (PID=1034) to work on /opt/airflow/dags/reconciliation_dag.py
[2026-08-20T19:43:57.737+0000] {processor.py:914} INFO - Processing file /opt/airflow/dags/reconciliation_dag.py for tasks to queue
[2026-08-20T19:43:57.739+0000] {logging_mixin.py:190} INFO - [2026-08-20T19:43:57.739+0000] {dagbag.py:588} INFO - Filling up the DagBag from /opt/airflow/dags/reconciliation_dag.py
[2026-08-20T19:43:57.757+0000] {processor.py:925} INFO - DAG(s) 'financial_reconciliation_pipeline' retrieved from /opt/airflow/dags/reconciliation_dag.py
[2026-08-20T19:43:57.771+0000] {logging_mixin.py:190} INFO - [2026-08-20T19:43:57.771+0000] {dag.py:3239} INFO - Sync 1 DAGs
[2026-08-20T19:43:57.785+0000] {logging_mixin.py:190} INFO - [2026-08-20T19:43:57.785+0000] {dag.py:4180} INFO - Setting next_dagrun for financial_reconciliation_pipeline to 2026-08-20 00:00:00+00:00, run_after=2026-08-21 00:00:00+00:00
[2026-08-20T19:43:57.798+0000] {processor.py:208} INFO - Processing /opt/airflow/dags/reconciliation_dag.py took 0.070 seconds
[2026-08-20T19:44:28.062+0000] {logging_mixin.py:190} WARNING - /home/airflow/.local/lib/python3.10/site-packages/airflow/settings.py:470 DeprecationWarning: The sql_alchemy_conn option in [core] has been moved to the sql_alchemy_conn option in [database] - the old setting has been used, but please update your config.
[2026-08-20T19:44:28.068+0000] {processor.py:186} INFO - Started process (PID=1035) to work on /opt/airflow/dags/reconciliation_dag.py
[2026-08-20T19:44:28.069+0000] {processor.py:914} INFO - Processing file /opt/airflow/dags/reconciliation_dag.py for tasks to queue
[2026-08-20T19:44:28.072+0000] {logging_mixin.py:190} INFO - [2026-08-20T19:44:28.072+0000] {dagbag.py:588} INFO - Filling up the DagBag from /opt/airflow/dags/reconciliation_dag.py
[2026-08-20T19:44:28.093+0000] {processor.py:925} INFO - DAG(s) 'financial_reconciliation_pipeline' retrieved from /opt/airflow/dags/reconciliation_dag.py
[2026-08-20T19:44:28.110+0000] {logging_mixin.py:190} INFO - [2026-08-20T19:44:28.109+0000] {dag.py:3239} INFO - Sync 1 DAGs
[2026-08-20T19:44:28.125+0000] {logging_mixin.py:190} INFO - [2026-08-20T19:44:28.125+0000] {dag.py:4180} INFO - Setting next_dagrun for financial_reconciliation_pipeline to 2026-08-20 00:00:00+00:00, run_after=2026-08-21 00:00:00+00:00
[2026-08-20T19:44:28.139+0000] {processor.py:208} INFO - Processing /opt/airflow/dags/reconciliation_dag.py took 0.080 seconds
[2026-08-20T19:44:58.345+0000] {logging_mixin.py:190} WARNING - /home/airflow/.local/lib/python3.10/site-packages/airflow/settings.py:470 DeprecationWarning: The sql_alchemy_conn option in [core] has been moved to the sql_alchemy_conn option in [database] - the old setting has been used, but please update your config.
[2026-08-20T19:44:58.352+0000] {processor.py:186} INFO - Started process (PID=1036) to work on /opt/airflow/dags/reconciliation_dag.py
[2026-08-20T19:44:58.354+0000] {processor.py:914} INFO - Processing file /opt/airflow/dags/reconciliation_dag.py for tasks to queue
[2026-08-20T19:44:58.359+0000] {logging_mixin.py:190} INFO - [2026-08-20T19:44:58.359+0000] {dagbag.py:588} INFO - Filling up the DagBag from /opt/airflow/dags/reconciliation_dag.py
[2026-08-20T19:44:58.409+0000] {processor.py:925} INFO - DAG(s) 'financial_reconciliation_pipeline' retrieved from /opt/airflow/dags/reconciliation_dag.py
[2026-08-20T19:44:58.430+0000] {logging_mixin.py:190} INFO - [2026-08-20T19:44:58.430+0000] {dag.py:3239} INFO - Sync 1 DAGs
[2026-08-20T19:44:58.452+0000] {logging_mixin.py:190} INFO - [2026-08-20T19:44:58.452+0000] {dag.py:4180} INFO - Setting next_dagrun for financial_reconciliation_pipeline to 2026-08-20 00:00:00+00:00, run_after=2026-08-21 00:00:00+00:00
[2026-08-20T19:44:58.472+0000] {processor.py:208} INFO - Processing /opt/airflow/dags/reconciliation_dag.py took 0.131 seconds
[2026-08-20T19:45:28.602+0000] {logging_mixin.py:190} WARNING - /home/airflow/.local/lib/python3.10/site-packages/airflow/settings.py:470 DeprecationWarning: The sql_alchemy_conn option in [core] has been moved to the sql_alchemy_conn option in [database] - the old setting has been used, but please update your config.
[2026-08-20T19:45:28.608+0000] {processor.py:186} INFO - Started process (PID=1037) to work on /opt/airflow/dags/reconciliation_dag.py
[2026-08-20T19:45:28.609+0000] {processor.py:914} INFO - Processing file /opt/airflow/dags/reconciliation_dag.py for tasks to queue
[2026-08-20T19:45:28.612+0000] {logging_mixin.py:190} INFO - [2026-08-20T19:45:28.611+0000] {dagbag.py:588} INFO - Filling up the DagBag from /opt/airflow/dags/reconciliation_dag.py
[2026-08-20T19:45:28.632+0000] {processor.py:925} INFO - DAG(s) 'financial_reconciliation_pipeline' retrieved from /opt/airflow/dags/reconciliation_dag.py
[2026-08-20T19:45:28.649+0000] {logging_mixin.py:190} INFO - [2026-08-20T19:45:28.649+0000] {dag.py:3239} INFO - Sync 1 DAGs
[2026-08-20T19:45:28.665+0000] {logging_mixin.py:190} INFO - [2026-08-20T19:45:28.665+0000] {dag.py:4180} INFO - Setting next_dagrun for financial_reconciliation_pipeline to 2026-08-20 00:00:00+00:00, run_after=2026-08-21 00:00:00+00:00
[2026-08-20T19:45:28.679+0000] {processor.py:208} INFO - Processing /opt/airflow/dags/reconciliation_dag.py took 0.080 seconds
[2026-08-20T19:45:58.890+0000] {logging_mixin.py:190} WARNING - /home/airflow/.local/lib/python3.10/site-packages/airflow/settings.py:470 DeprecationWarning: The sql_alchemy_conn option in [core] has been moved to the sql_alchemy_conn option in [database] - the old setting has been used, but please update your config.
[2026-08-20T19:45:58.895+0000] {processor.py:186} INFO - Started process (PID=1038) to work on /opt/airflow/dags/reconciliation_dag.py
[2026-08-20T19:45:58.895+0000] {processor.py:914} INFO - Processing file /opt/airflow/dags/reconciliation_dag.py for tasks to queue
[2026-08-20T19:45:58.898+0000] {logging_mixin.py:190} INFO - [2026-08-20T19:45:58.897+0000] {dagbag.py:588} INFO - Filling up the DagBag from /opt/airflow/dags/reconciliation_dag.py
[2026-08-20T19:45:58.917+0000] {processor.py:925} INFO - DAG(s) 'financial_reconciliation_pipeline' retrieved from /opt/airflow/dags/reconciliation_dag.py
[2026-08-20T19:45:58.935+0000] {logging_mixin.py:190} INFO - [2026-08-20T19:45:58.934+0000] {dag.py:3239} INFO - Sync 1 DAGs
[2026-08-20T19:45:58.951+0000] {logging_mixin.py:190} INFO - [2026-08-20T19:45:58.951+0000] {dag.py:4180} INFO - Setting next_dagrun for financial_reconciliation_pipeline to 2026-08-20 00:00:00+00:00, run_after=2026-08-21 00:00:00+00:00
[2026-08-20T19:45:58.965+0000] {processor.py:208} INFO - Processing /opt/airflow/dags/reconciliation_dag.py took 0.077 seconds
[2026-08-20T19:46:29.227+0000] {logging_mixin.py:190} WARNING - /home/airflow/.local/lib/python3.10/site-packages/airflow/settings.py:470 DeprecationWarning: The sql_alchemy_conn option in [core] has been moved to the sql_alchemy_conn option in [database] - the old setting has been used, but please update your config.
[2026-08-20T19:46:29.231+0000] {processor.py:186} INFO - Started process (PID=1039) to work on /opt/airflow/dags/reconciliation_dag.py
[2026-08-20T19:46:29.232+0000] {processor.py:914} INFO - Processing file /opt/airflow/dags/reconciliation_dag.py for tasks to queue
[2026-08-20T19:46:29.234+0000] {logging_mixin.py:190} INFO - [2026-08-20T19:46:29.234+0000] {dagbag.py:588} INFO - Filling up the DagBag from /opt/airflow/dags/reconciliation_dag.py
[2026-08-20T19:46:29.253+0000] {processor.py:925} INFO - DAG(s) 'financial_reconciliation_pipeline' retrieved from /opt/airflow/dags/reconciliation_dag.py
[2026-08-20T19:46:29.269+0000] {logging_mixin.py:190} INFO - [2026-08-20T19:46:29.269+0000] {dag.py:3239} INFO - Sync 1 DAGs
[2026-08-20T19:46:29.284+0000] {logging_mixin.py:190} INFO - [2026-08-20T19:46:29.284+0000] {dag.py:4180} INFO - Setting next_dagrun for financial_reconciliation_pipeline to 2026-08-20 00:00:00+00:00, run_after=2026-08-21 00:00:00+00:00
[2026-08-20T19:46:29.298+0000] {processor.py:208} INFO - Processing /opt/airflow/dags/reconciliation_dag.py took 0.073 seconds
[2026-08-20T19:46:59.572+0000] {logging_mixin.py:190} WARNING - /home/airflow/.local/lib/python3.10/site-packages/airflow/settings.py:470 DeprecationWarning: The sql_alchemy_conn option in [core] has been moved to the sql_alchemy_conn option in [database] - the old setting has been used, but please update your config.
[2026-08-20T19:46:59.577+0000] {processor.py:186} INFO - Started process (PID=1040) to work on /opt/airflow/dags/reconciliation_dag.py
[2026-08-20T19:46:59.578+0000] {processor.py:914} INFO - Processing file /opt/airflow/dags/reconciliation_dag.py for tasks to queue
[2026-08-20T19:46:59.580+0000] {logging_mixin.py:190} INFO - [2026-08-20T19:46:59.580+0000] {dagbag.py:588} INFO - Filling up the DagBag from /opt/airflow/dags/reconciliation_dag.py
[2026-08-20T19:46:59.598+0000] {processor.py:925} INFO - DAG(s) 'financial_reconciliation_pipeline' retrieved from /opt/airflow/dags/reconciliation_dag.py
[2026-08-20T19:46:59.616+0000] {logging_mixin.py:190} INFO - [2026-08-20T19:46:59.615+0000] {dag.py:3239} INFO - Sync 1 DAGs
[2026-08-20T19:46:59.631+0000] {logging_mixin.py:190} INFO - [2026-08-20T19:46:59.631+0000] {dag.py:4180} INFO - Setting next_dagrun for financial_reconciliation_pipeline to 2026-08-20 00:00:00+00:00, run_after=2026-08-21 00:00:00+00:00
[2026-08-20T19:46:59.646+0000] {processor.py:208} INFO - Processing /opt/airflow/dags/reconciliation_dag.py took 0.076 seconds
[2026-08-20T19:47:29.873+0000] {logging_mixin.py:190} WARNING - /home/airflow/.local/lib/python3.10/site-packages/airflow/settings.py:470 DeprecationWarning: The sql_alchemy_conn option in [core] has been moved to the sql_alchemy_conn option in [database] - the old setting has been used, but please update your config.
[2026-08-20T19:47:29.877+0000] {processor.py:186} INFO - Started process (PID=1099) to work on /opt/airflow/dags/reconciliation_dag.py
[2026-08-20T19:47:29.878+0000] {processor.py:914} INFO - Processing file /opt/airflow/dags/reconciliation_dag.py for tasks to queue
[2026-08-20T19:47:29.881+0000] {logging_mixin.py:190} INFO - [2026-08-20T19:47:29.880+0000] {dagbag.py:588} INFO - Filling up the DagBag from /opt/airflow/dags/reconciliation_dag.py
[2026-08-20T19:47:29.899+0000] {processor.py:925} INFO - DAG(s) 'financial_reconciliation_pipeline' retrieved from /opt/airflow/dags/reconciliation_dag.py
[2026-08-20T19:47:29.914+0000] {logging_mixin.py:190} INFO - [2026-08-20T19:47:29.914+0000] {dag.py:3239} INFO - Sync 1 DAGs
[2026-08-20T19:47:29.928+0000] {logging_mixin.py:190} INFO - [2026-08-20T19:47:29.927+0000] {dag.py:4180} INFO - Setting next_dagrun for financial_reconciliation_pipeline to 2026-08-20 00:00:00+00:00, run_after=2026-08-21 00:00:00+00:00
[2026-08-20T19:47:29.941+0000] {processor.py:208} INFO - Processing /opt/airflow/dags/reconciliation_dag.py took 0.070 seconds
[2026-08-20T19:48:00.201+0000] {logging_mixin.py:190} WARNING - /home/airflow/.local/lib/python3.10/site-packages/airflow/settings.py:470 DeprecationWarning: The sql_alchemy_conn option in [core] has been moved to the sql_alchemy_conn option in [database] - the old setting has been used, but please update your config.
[2026-08-20T19:48:00.206+0000] {processor.py:186} INFO - Started process (PID=1100) to work on /opt/airflow/dags/reconciliation_dag.py
[2026-08-20T19:48:00.208+0000] {processor.py:914} INFO - Processing file /opt/airflow/dags/reconciliation_dag.py for tasks to queue
[2026-08-20T19:48:00.211+0000] {logging_mixin.py:190} INFO - [2026-08-20T19:48:00.210+0000] {dagbag.py:588} INFO - Filling up the DagBag from /opt/airflow/dags/reconciliation_dag.py
[2026-08-20T19:48:00.246+0000] {processor.py:925} INFO - DAG(s) 'financial_reconciliation_pipeline' retrieved from /opt/airflow/dags/reconciliation_dag.py
[2026-08-20T19:48:00.263+0000] {logging_mixin.py:190} INFO - [2026-08-20T19:48:00.263+0000] {dag.py:3239} INFO - Sync 1 DAGs
[2026-08-20T19:48:00.280+0000] {logging_mixin.py:190} INFO - [2026-08-20T19:48:00.280+0000] {dag.py:4180} INFO - Setting next_dagrun for financial_reconciliation_pipeline to 2026-08-20 00:00:00+00:00, run_after=2026-08-21 00:00:00+00:00
[2026-08-20T19:48:00.294+0000] {processor.py:208} INFO - Processing /opt/airflow/dags/reconciliation_dag.py took 0.096 seconds
[2026-08-20T19:48:30.474+0000] {logging_mixin.py:190} WARNING - /home/airflow/.local/lib/python3.10/site-packages/airflow/settings.py:470 DeprecationWarning: The sql_alchemy_conn option in [core] has been moved to the sql_alchemy_conn option in [database] - the old setting has been used, but please update your config.
[2026-08-20T19:48:30.479+0000] {processor.py:186} INFO - Started process (PID=1101) to work on /opt/airflow/dags/reconciliation_dag.py
[2026-08-20T19:48:30.479+0000] {processor.py:914} INFO - Processing file /opt/airflow/dags/reconciliation_dag.py for tasks to queue
[2026-08-20T19:48:30.482+0000] {logging_mixin.py:190} INFO - [2026-08-20T19:48:30.482+0000] {dagbag.py:588} INFO - Filling up the DagBag from /opt/airflow/dags/reconciliation_dag.py
[2026-08-20T19:48:30.502+0000] {processor.py:925} INFO - DAG(s) 'financial_reconciliation_pipeline' retrieved from /opt/airflow/dags/reconciliation_dag.py
[2026-08-20T19:48:30.519+0000] {logging_mixin.py:190} INFO - [2026-08-20T19:48:30.519+0000] {dag.py:3239} INFO - Sync 1 DAGs
[2026-08-20T19:48:30.535+0000] {logging_mixin.py:190} INFO - [2026-08-20T19:48:30.535+0000] {dag.py:4180} INFO - Setting next_dagrun for financial_reconciliation_pipeline to 2026-08-20 00:00:00+00:00, run_after=2026-08-21 00:00:00+00:00
[2026-08-20T19:48:30.554+0000] {processor.py:208} INFO - Processing /opt/airflow/dags/reconciliation_dag.py took 0.083 seconds
[2026-08-20T19:49:00.784+0000] {logging_mixin.py:190} WARNING - /home/airflow/.local/lib/python3.10/site-packages/airflow/settings.py:470 DeprecationWarning: The sql_alchemy_conn option in [core] has been moved to the sql_alchemy_conn option in [database] - the old setting has been used, but please update your config.
[2026-08-20T19:49:00.789+0000] {processor.py:186} INFO - Started process (PID=1102) to work on /opt/airflow/dags/reconciliation_dag.py
[2026-08-20T19:49:00.791+0000] {processor.py:914} INFO - Processing file /opt/airflow/dags/reconciliation_dag.py for tasks to queue
[2026-08-20T19:49:00.793+0000] {logging_mixin.py:190} INFO - [2026-08-20T19:49:00.793+0000] {dagbag.py:588} INFO - Filling up the DagBag from /opt/airflow/dags/reconciliation_dag.py
[2026-08-20T19:49:00.811+0000] {processor.py:925} INFO - DAG(s) 'financial_reconciliation_pipeline' retrieved from /opt/airflow/dags/reconciliation_dag.py
[2026-08-20T19:49:00.827+0000] {logging_mixin.py:190} INFO - [2026-08-20T19:49:00.827+0000] {dag.py:3239} INFO - Sync 1 DAGs
[2026-08-20T19:49:00.842+0000] {logging_mixin.py:190} INFO - [2026-08-20T19:49:00.841+0000] {dag.py:4180} INFO - Setting next_dagrun for financial_reconciliation_pipeline to 2026-08-20 00:00:00+00:00, run_after=2026-08-21 00:00:00+00:00
[2026-08-20T19:49:00.856+0000] {processor.py:208} INFO - Processing /opt/airflow/dags/reconciliation_dag.py took 0.074 seconds
[2026-08-20T19:49:31.071+0000] {logging_mixin.py:190} WARNING - /home/airflow/.local/lib/python3.10/site-packages/airflow/settings.py:470 DeprecationWarning: The sql_alchemy_conn option in [core] has been moved to the sql_alchemy_conn option in [database] - the old setting has been used, but please update your config.
[2026-08-20T19:49:31.076+0000] {processor.py:186} INFO - Started process (PID=1103) to work on /opt/airflow/dags/reconciliation_dag.py
[2026-08-20T19:49:31.077+0000] {processor.py:914} INFO - Processing file /opt/airflow/dags/reconciliation_dag.py for tasks to queue
[2026-08-20T19:49:31.080+0000] {logging_mixin.py:190} INFO - [2026-08-20T19:49:31.080+0000] {dagbag.py:588} INFO - Filling up the DagBag from /opt/airflow/dags/reconciliation_dag.py
[2026-08-20T19:49:31.098+0000] {processor.py:925} INFO - DAG(s) 'financial_reconciliation_pipeline' retrieved from /opt/airflow/dags/reconciliation_dag.py
[2026-08-20T19:49:31.114+0000] {logging_mixin.py:190} INFO - [2026-08-20T19:49:31.113+0000] {dag.py:3239} INFO - Sync 1 DAGs
[2026-08-20T19:49:31.128+0000] {logging_mixin.py:190} INFO - [2026-08-20T19:49:31.127+0000] {dag.py:4180} INFO - Setting next_dagrun for financial_reconciliation_pipeline to 2026-08-20 00:00:00+00:00, run_after=2026-08-21 00:00:00+00:00
[2026-08-20T19:49:31.143+0000] {processor.py:208} INFO - Processing /opt/airflow/dags/reconciliation_dag.py took 0.073 seconds
[2026-08-20T19:50:01.355+0000] {logging_mixin.py:190} WARNING - /home/airflow/.local/lib/python3.10/site-packages/airflow/settings.py:470 DeprecationWarning: The sql_alchemy_conn option in [core] has been moved to the sql_alchemy_conn option in [database] - the old setting has been used, but please update your config.
[2026-08-20T19:50:01.362+0000] {processor.py:186} INFO - Started process (PID=1104) to work on /opt/airflow/dags/reconciliation_dag.py
[2026-08-20T19:50:01.364+0000] {processor.py:914} INFO - Processing file /opt/airflow/dags/reconciliation_dag.py for tasks to queue
[2026-08-20T19:50:01.367+0000] {logging_mixin.py:190} INFO - [2026-08-20T19:50:01.366+0000] {dagbag.py:588} INFO - Filling up the DagBag from /opt/airflow/dags/reconciliation_dag.py
[2026-08-20T19:50:01.414+0000] {processor.py:925} INFO - DAG(s) 'financial_reconciliation_pipeline' retrieved from /opt/airflow/dags/reconciliation_dag.py
[2026-08-20T19:50:01.435+0000] {logging_mixin.py:190} INFO - [2026-08-20T19:50:01.435+0000] {dag.py:3239} INFO - Sync 1 DAGs
[2026-08-20T19:50:01.453+0000] {logging_mixin.py:190} INFO - [2026-08-20T19:50:01.453+0000] {dag.py:4180} INFO - Setting next_dagrun for financial_reconciliation_pipeline to 2026-08-20 00:00:00+00:00, run_after=2026-08-21 00:00:00+00:00
[2026-08-20T19:50:01.468+0000] {processor.py:208} INFO - Processing /opt/airflow/dags/reconciliation_dag.py took 0.116 seconds
[2026-08-20T19:50:31.674+0000] {logging_mixin.py:190} WARNING - /home/airflow/.local/lib/python3.10/site-packages/airflow/settings.py:470 DeprecationWarning: The sql_alchemy_conn option in [core] has been moved to the sql_alchemy_conn option in [database] - the old setting has been used, but please update your config.
[2026-08-20T19:50:31.679+0000] {processor.py:186} INFO - Started process (PID=1105) to work on /opt/airflow/dags/reconciliation_dag.py
[2026-08-20T19:50:31.680+0000] {processor.py:914} INFO - Processing file /opt/airflow/dags/reconciliation_dag.py for tasks to queue
[2026-08-20T19:50:31.682+0000] {logging_mixin.py:190} INFO - [2026-08-20T19:50:31.682+0000] {dagbag.py:588} INFO - Filling up the DagBag from /opt/airflow/dags/reconciliation_dag.py
[2026-08-20T19:50:31.699+0000] {processor.py:925} INFO - DAG(s) 'financial_reconciliation_pipeline' retrieved from /opt/airflow/dags/reconciliation_dag.py
[2026-08-20T19:50:31.715+0000] {logging_mixin.py:190} INFO - [2026-08-20T19:50:31.715+0000] {dag.py:3239} INFO - Sync 1 DAGs
[2026-08-20T19:50:31.729+0000] {logging_mixin.py:190} INFO - [2026-08-20T19:50:31.729+0000] {dag.py:4180} INFO - Setting next_dagrun for financial_reconciliation_pipeline to 2026-08-20 00:00:00+00:00, run_after=2026-08-21 00:00:00+00:00
[2026-08-20T19:50:31.744+0000] {processor.py:208} INFO - Processing /opt/airflow/dags/reconciliation_dag.py took 0.072 seconds
[2026-08-20T19:51:01.953+0000] {logging_mixin.py:190} WARNING - /home/airflow/.local/lib/python3.10/site-packages/airflow/settings.py:470 DeprecationWarning: The sql_alchemy_conn option in [core] has been moved to the sql_alchemy_conn option in [database] - the old setting has been used, but please update your config.
[2026-08-20T19:51:01.959+0000] {processor.py:186} INFO - Started process (PID=1106) to work on /opt/airflow/dags/reconciliation_dag.py
[2026-08-20T19:51:01.959+0000] {processor.py:914} INFO - Processing file /opt/airflow/dags/reconciliation_dag.py for tasks to queue
[2026-08-20T19:51:01.962+0000] {logging_mixin.py:190} INFO - [2026-08-20T19:51:01.962+0000] {dagbag.py:588} INFO - Filling up the DagBag from /opt/airflow/dags/reconciliation_dag.py
[2026-08-20T19:51:01.980+0000] {processor.py:925} INFO - DAG(s) 'financial_reconciliation_pipeline' retrieved from /opt/airflow/dags/reconciliation_dag.py
[2026-08-20T19:51:01.996+0000] {logging_mixin.py:190} INFO - [2026-08-20T19:51:01.995+0000] {dag.py:3239} INFO - Sync 1 DAGs
[2026-08-20T19:51:02.011+0000] {logging_mixin.py:190} INFO - [2026-08-20T19:51:02.011+0000] {dag.py:4180} INFO - Setting next_dagrun for financial_reconciliation_pipeline to 2026-08-20 00:00:00+00:00, run_after=2026-08-21 00:00:00+00:00
[2026-08-20T19:51:02.025+0000] {processor.py:208} INFO - Processing /opt/airflow/dags/reconciliation_dag.py took 0.074 seconds
[2026-08-20T19:51:32.286+0000] {logging_mixin.py:190} WARNING - /home/airflow/.local/lib/python3.10/site-packages/airflow/settings.py:470 DeprecationWarning: The sql_alchemy_conn option in [core] has been moved to the sql_alchemy_conn option in [database] - the old setting has been used, but please update your config.
[2026-08-20T19:51:32.291+0000] {processor.py:186} INFO - Started process (PID=1107) to work on /opt/airflow/dags/reconciliation_dag.py
[2026-08-20T19:51:32.292+0000] {processor.py:914} INFO - Processing file /opt/airflow/dags/reconciliation_dag.py for tasks to queue
[2026-08-20T19:51:32.294+0000] {logging_mixin.py:190} INFO - [2026-08-20T19:51:32.294+0000] {dagbag.py:588} INFO - Filling up the DagBag from /opt/airflow/dags/reconciliation_dag.py
[2026-08-20T19:51:32.312+0000] {processor.py:925} INFO - DAG(s) 'financial_reconciliation_pipeline' retrieved from /opt/airflow/dags/reconciliation_dag.py
[2026-08-20T19:51:32.326+0000] {logging_mixin.py:190} INFO - [2026-08-20T19:51:32.326+0000] {dag.py:3239} INFO - Sync 1 DAGs
[2026-08-20T19:51:32.340+0000] {logging_mixin.py:190} INFO - [2026-08-20T19:51:32.340+0000] {dag.py:4180} INFO - Setting next_dagrun for financial_reconciliation_pipeline to 2026-08-20 00:00:00+00:00, run_after=2026-08-21 00:00:00+00:00
[2026-08-20T19:51:32.356+0000] {processor.py:208} INFO - Processing /opt/airflow/dags/reconciliation_dag.py took 0.072 seconds
[2026-08-20T19:52:02.616+0000] {logging_mixin.py:190} WARNING - /home/airflow/.local/lib/python3.10/site-packages/airflow/settings.py:470 DeprecationWarning: The sql_alchemy_conn option in [core] has been moved to the sql_alchemy_conn option in [database] - the old setting has been used, but please update your config.
[2026-08-20T19:52:02.620+0000] {processor.py:186} INFO - Started process (PID=1108) to work on /opt/airflow/dags/reconciliation_dag.py
[2026-08-20T19:52:02.621+0000] {processor.py:914} INFO - Processing file /opt/airflow/dags/reconciliation_dag.py for tasks to queue
[2026-08-20T19:52:02.624+0000] {logging_mixin.py:190} INFO - [2026-08-20T19:52:02.623+0000] {dagbag.py:588} INFO - Filling up the DagBag from /opt/airflow/dags/reconciliation_dag.py
[2026-08-20T19:52:02.640+0000] {processor.py:925} INFO - DAG(s) 'financial_reconciliation_pipeline' retrieved from /opt/airflow/dags/reconciliation_dag.py
[2026-08-20T19:52:02.656+0000] {logging_mixin.py:190} INFO - [2026-08-20T19:52:02.655+0000] {dag.py:3239} INFO - Sync 1 DAGs
[2026-08-20T19:52:02.670+0000] {logging_mixin.py:190} INFO - [2026-08-20T19:52:02.669+0000] {dag.py:4180} INFO - Setting next_dagrun for financial_reconciliation_pipeline to 2026-08-20 00:00:00+00:00, run_after=2026-08-21 00:00:00+00:00
[2026-08-20T19:52:02.685+0000] {processor.py:208} INFO - Processing /opt/airflow/dags/reconciliation_dag.py took 0.071 seconds
[2026-08-20T19:52:32.932+0000] {logging_mixin.py:190} WARNING - /home/airflow/.local/lib/python3.10/site-packages/airflow/settings.py:470 DeprecationWarning: The sql_alchemy_conn option in [core] has been moved to the sql_alchemy_conn option in [database] - the old setting has been used, but please update your config.
[2026-08-20T19:52:32.939+0000] {processor.py:186} INFO - Started process (PID=1109) to work on /opt/airflow/dags/reconciliation_dag.py
[2026-08-20T19:52:32.940+0000] {processor.py:914} INFO - Processing file /opt/airflow/dags/reconciliation_dag.py for tasks to queue
[2026-08-20T19:52:32.942+0000] {logging_mixin.py:190} INFO - [2026-08-20T19:52:32.942+0000] {dagbag.py:588} INFO - Filling up the DagBag from /opt/airflow/dags/reconciliation_dag.py
[2026-08-20T19:52:32.965+0000] {processor.py:925} INFO - DAG(s) 'financial_reconciliation_pipeline' retrieved from /opt/airflow/dags/reconciliation_dag.py
[2026-08-20T19:52:32.981+0000] {logging_mixin.py:190} INFO - [2026-08-20T19:52:32.981+0000] {dag.py:3239} INFO - Sync 1 DAGs
[2026-08-20T19:52:32.996+0000] {logging_mixin.py:190} INFO - [2026-08-20T19:52:32.996+0000] {dag.py:4180} INFO - Setting next_dagrun for financial_reconciliation_pipeline to 2026-08-20 00:00:00+00:00, run_after=2026-08-21 00:00:00+00:00
[2026-08-20T19:52:33.012+0000] {processor.py:208} INFO - Processing /opt/airflow/dags/reconciliation_dag.py took 0.082 seconds
[2026-08-20T19:53:03.246+0000] {logging_mixin.py:190} WARNING - /home/airflow/.local/lib/python3.10/site-packages/airflow/settings.py:470 DeprecationWarning: The sql_alchemy_conn option in [core] has been moved to the sql_alchemy_conn option in [database] - the old setting has been used, but please update your config.
[2026-08-20T19:53:03.253+0000] {processor.py:186} INFO - Started process (PID=1110) to work on /opt/airflow/dags/reconciliation_dag.py
[2026-08-20T19:53:03.255+0000] {processor.py:914} INFO - Processing file /opt/airflow/dags/reconciliation_dag.py for tasks to queue
[2026-08-20T19:53:03.259+0000] {logging_mixin.py:190} INFO - [2026-08-20T19:53:03.259+0000] {dagbag.py:588} INFO - Filling up the DagBag from /opt/airflow/dags/reconciliation_dag.py
[2026-08-20T19:53:03.280+0000] {processor.py:925} INFO - DAG(s) 'financial_reconciliation_pipeline' retrieved from /opt/airflow/dags/reconciliation_dag.py
[2026-08-20T19:53:03.298+0000] {logging_mixin.py:190} INFO - [2026-08-20T19:53:03.298+0000] {dag.py:3239} INFO - Sync 1 DAGs
[2026-08-20T19:53:03.313+0000] {logging_mixin.py:190} INFO - [2026-08-20T19:53:03.313+0000] {dag.py:4180} INFO - Setting next_dagrun for financial_reconciliation_pipeline to 2026-08-20 00:00:00+00:00, run_after=2026-08-21 00:00:00+00:00
[2026-08-20T19:53:03.329+0000] {processor.py:208} INFO - Processing /opt/airflow/dags/reconciliation_dag.py took 0.085 seconds
[2026-08-20T19:53:33.602+0000] {logging_mixin.py:190} WARNING - /home/airflow/.local/lib/python3.10/site-packages/airflow/settings.py:470 DeprecationWarning: The sql_alchemy_conn option in [core] has been moved to the sql_alchemy_conn option in [database] - the old setting has been used, but please update your config.
[2026-08-20T19:53:33.606+0000] {processor.py:186} INFO - Started process (PID=1111) to work on /opt/airflow/dags/reconciliation_dag.py
[2026-08-20T19:53:33.607+0000] {processor.py:914} INFO - Processing file /opt/airflow/dags/reconciliation_dag.py for tasks to queue
[2026-08-20T19:53:33.611+0000] {logging_mixin.py:190} INFO - [2026-08-20T19:53:33.611+0000] {dagbag.py:588} INFO - Filling up the DagBag from /opt/airflow/dags/reconciliation_dag.py
[2026-08-20T19:53:33.628+0000] {processor.py:925} INFO - DAG(s) 'financial_reconciliation_pipeline' retrieved from /opt/airflow/dags/reconciliation_dag.py
[2026-08-20T19:53:33.643+0000] {logging_mixin.py:190} INFO - [2026-08-20T19:53:33.643+0000] {dag.py:3239} INFO - Sync 1 DAGs
[2026-08-20T19:53:33.657+0000] {logging_mixin.py:190} INFO - [2026-08-20T19:53:33.656+0000] {dag.py:4180} INFO - Setting next_dagrun for financial_reconciliation_pipeline to 2026-08-20 00:00:00+00:00, run_after=2026-08-21 00:00:00+00:00
[2026-08-20T19:53:33.671+0000] {processor.py:208} INFO - Processing /opt/airflow/dags/reconciliation_dag.py took 0.071 seconds
[2026-08-20T19:54:03.887+0000] {logging_mixin.py:190} WARNING - /home/airflow/.local/lib/python3.10/site-packages/airflow/settings.py:470 DeprecationWarning: The sql_alchemy_conn option in [core] has been moved to the sql_alchemy_conn option in [database] - the old setting has been used, but please update your config.
[2026-08-20T19:54:03.891+0000] {processor.py:186} INFO - Started process (PID=1112) to work on /opt/airflow/dags/reconciliation_dag.py
[2026-08-20T19:54:03.892+0000] {processor.py:914} INFO - Processing file /opt/airflow/dags/reconciliation_dag.py for tasks to queue
[2026-08-20T19:54:03.894+0000] {logging_mixin.py:190} INFO - [2026-08-20T19:54:03.894+0000] {dagbag.py:588} INFO - Filling up the DagBag from /opt/airflow/dags/reconciliation_dag.py
[2026-08-20T19:54:03.911+0000] {processor.py:925} INFO - DAG(s) 'financial_reconciliation_pipeline' retrieved from /opt/airflow/dags/reconciliation_dag.py
[2026-08-20T19:54:03.925+0000] {logging_mixin.py:190} INFO - [2026-08-20T19:54:03.925+0000] {dag.py:3239} INFO - Sync 1 DAGs
[2026-08-20T19:54:03.938+0000] {logging_mixin.py:190} INFO - [2026-08-20T19:54:03.938+0000] {dag.py:4180} INFO - Setting next_dagrun for financial_reconciliation_pipeline to 2026-08-20 00:00:00+00:00, run_after=2026-08-21 00:00:00+00:00
[2026-08-20T19:54:03.952+0000] {processor.py:208} INFO - Processing /opt/airflow/dags/reconciliation_dag.py took 0.067 seconds
[2026-08-20T19:54:34.212+0000] {logging_mixin.py:190} WARNING - /home/airflow/.local/lib/python3.10/site-packages/airflow/settings.py:470 DeprecationWarning: The sql_alchemy_conn option in [core] has been moved to the sql_alchemy_conn option in [database] - the old setting has been used, but please update your config.
[2026-08-20T19:54:34.216+0000] {processor.py:186} INFO - Started process (PID=1113) to work on /opt/airflow/dags/reconciliation_dag.py
[2026-08-20T19:54:34.217+0000] {processor.py:914} INFO - Processing file /opt/airflow/dags/reconciliation_dag.py for tasks to queue
[2026-08-20T19:54:34.219+0000] {logging_mixin.py:190} INFO - [2026-08-20T19:54:34.219+0000] {dagbag.py:588} INFO - Filling up the DagBag from /opt/airflow/dags/reconciliation_dag.py
[2026-08-20T19:54:34.235+0000] {processor.py:925} INFO - DAG(s) 'financial_reconciliation_pipeline' retrieved from /opt/airflow/dags/reconciliation_dag.py
[2026-08-20T19:54:34.249+0000] {logging_mixin.py:190} INFO - [2026-08-20T19:54:34.249+0000] {dag.py:3239} INFO - Sync 1 DAGs
[2026-08-20T19:54:34.262+0000] {logging_mixin.py:190} INFO - [2026-08-20T19:54:34.262+0000] {dag.py:4180} INFO - Setting next_dagrun for financial_reconciliation_pipeline to 2026-08-20 00:00:00+00:00, run_after=2026-08-21 00:00:00+00:00
[2026-08-20T19:54:34.276+0000] {processor.py:208} INFO - Processing /opt/airflow/dags/reconciliation_dag.py took 0.066 seconds
[2026-08-20T19:55:04.482+0000] {logging_mixin.py:190} WARNING - /home/airflow/.local/lib/python3.10/site-packages/airflow/settings.py:470 DeprecationWarning: The sql_alchemy_conn option in [core] has been moved to the sql_alchemy_conn option in [database] - the old setting has been used, but please update your config.
[2026-08-20T19:55:04.487+0000] {processor.py:186} INFO - Started process (PID=1114) to work on /opt/airflow/dags/reconciliation_dag.py
[2026-08-20T19:55:04.488+0000] {processor.py:914} INFO - Processing file /opt/airflow/dags/reconciliation_dag.py for tasks to queue
[2026-08-20T19:55:04.490+0000] {logging_mixin.py:190} INFO - [2026-08-20T19:55:04.490+0000] {dagbag.py:588} INFO - Filling up the DagBag from /opt/airflow/dags/reconciliation_dag.py
[2026-08-20T19:55:04.508+0000] {processor.py:925} INFO - DAG(s) 'financial_reconciliation_pipeline' retrieved from /opt/airflow/dags/reconciliation_dag.py
[2026-08-20T19:55:04.524+0000] {logging_mixin.py:190} INFO - [2026-08-20T19:55:04.523+0000] {dag.py:3239} INFO - Sync 1 DAGs
[2026-08-20T19:55:04.538+0000] {logging_mixin.py:190} INFO - [2026-08-20T19:55:04.538+0000] {dag.py:4180} INFO - Setting next_dagrun for financial_reconciliation_pipeline to 2026-08-20 00:00:00+00:00, run_after=2026-08-21 00:00:00+00:00
[2026-08-20T19:55:04.554+0000] {processor.py:208} INFO - Processing /opt/airflow/dags/reconciliation_dag.py took 0.074 seconds
[2026-08-20T19:55:34.956+0000] {logging_mixin.py:190} WARNING - /home/airflow/.local/lib/python3.10/site-packages/airflow/settings.py:470 DeprecationWarning: The sql_alchemy_conn option in [core] has been moved to the sql_alchemy_conn option in [database] - the old setting has been used, but please update your config.
[2026-08-20T19:55:34.961+0000] {processor.py:186} INFO - Started process (PID=1115) to work on /opt/airflow/dags/reconciliation_dag.py
[2026-08-20T19:55:34.963+0000] {processor.py:914} INFO - Processing file /opt/airflow/dags/reconciliation_dag.py for tasks to queue
[2026-08-20T19:55:34.970+0000] {logging_mixin.py:190} INFO - [2026-08-20T19:55:34.970+0000] {dagbag.py:588} INFO - Filling up the DagBag from /opt/airflow/dags/reconciliation_dag.py
[2026-08-20T19:55:35.062+0000] {processor.py:925} INFO - DAG(s) 'financial_reconciliation_pipeline' retrieved from /opt/airflow/dags/reconciliation_dag.py
[2026-08-20T19:55:35.078+0000] {logging_mixin.py:190} INFO - [2026-08-20T19:55:35.078+0000] {dag.py:3239} INFO - Sync 1 DAGs
[2026-08-20T19:55:35.093+0000] {logging_mixin.py:190} INFO - [2026-08-20T19:55:35.093+0000] {dag.py:4180} INFO - Setting next_dagrun for financial_reconciliation_pipeline to 2026-08-20 00:00:00+00:00, run_after=2026-08-21 00:00:00+00:00
[2026-08-20T19:55:35.104+0000] {processor.py:208} INFO - Processing /opt/airflow/dags/reconciliation_dag.py took 0.151 seconds
[2026-08-20T19:56:05.170+0000] {logging_mixin.py:190} WARNING - /home/airflow/.local/lib/python3.10/site-packages/airflow/settings.py:470 DeprecationWarning: The sql_alchemy_conn option in [core] has been moved to the sql_alchemy_conn option in [database] - the old setting has been used, but please update your config.
[2026-08-20T19:56:05.178+0000] {processor.py:186} INFO - Started process (PID=1116) to work on /opt/airflow/dags/reconciliation_dag.py
[2026-08-20T19:56:05.180+0000] {processor.py:914} INFO - Processing file /opt/airflow/dags/reconciliation_dag.py for tasks to queue
[2026-08-20T19:56:05.184+0000] {logging_mixin.py:190} INFO - [2026-08-20T19:56:05.183+0000] {dagbag.py:588} INFO - Filling up the DagBag from /opt/airflow/dags/reconciliation_dag.py
[2026-08-20T19:56:05.254+0000] {processor.py:925} INFO - DAG(s) 'financial_reconciliation_pipeline' retrieved from /opt/airflow/dags/reconciliation_dag.py
[2026-08-20T19:56:05.305+0000] {logging_mixin.py:190} INFO - [2026-08-20T19:56:05.304+0000] {dag.py:3239} INFO - Sync 1 DAGs
[2026-08-20T19:56:05.340+0000] {logging_mixin.py:190} INFO - [2026-08-20T19:56:05.340+0000] {dag.py:4180} INFO - Setting next_dagrun for financial_reconciliation_pipeline to 2026-08-20 00:00:00+00:00, run_after=2026-08-21 00:00:00+00:00
[2026-08-20T19:56:05.360+0000] {processor.py:208} INFO - Processing /opt/airflow/dags/reconciliation_dag.py took 0.192 seconds
[2026-08-20T19:56:35.647+0000] {logging_mixin.py:190} WARNING - /home/airflow/.local/lib/python3.10/site-packages/airflow/settings.py:470 DeprecationWarning: The sql_alchemy_conn option in [core] has been moved to the sql_alchemy_conn option in [database] - the old setting has been used, but please update your config.
[2026-08-20T19:56:35.655+0000] {processor.py:186} INFO - Started process (PID=1117) to work on /opt/airflow/dags/reconciliation_dag.py
[2026-08-20T19:56:35.657+0000] {processor.py:914} INFO - Processing file /opt/airflow/dags/reconciliation_dag.py for tasks to queue
[2026-08-20T19:56:35.660+0000] {logging_mixin.py:190} INFO - [2026-08-20T19:56:35.660+0000] {dagbag.py:588} INFO - Filling up the DagBag from /opt/airflow/dags/reconciliation_dag.py
[2026-08-20T19:56:35.719+0000] {processor.py:925} INFO - DAG(s) 'financial_reconciliation_pipeline' retrieved from /opt/airflow/dags/reconciliation_dag.py
[2026-08-20T19:56:35.738+0000] {logging_mixin.py:190} INFO - [2026-08-20T19:56:35.737+0000] {dag.py:3239} INFO - Sync 1 DAGs
[2026-08-20T19:56:35.756+0000] {logging_mixin.py:190} INFO - [2026-08-20T19:56:35.756+0000] {dag.py:4180} INFO - Setting next_dagrun for financial_reconciliation_pipeline to 2026-08-20 00:00:00+00:00, run_after=2026-08-21 00:00:00+00:00
[2026-08-20T19:56:35.781+0000] {processor.py:208} INFO - Processing /opt/airflow/dags/reconciliation_dag.py took 0.136 seconds
[2026-08-20T19:57:05.887+0000] {logging_mixin.py:190} WARNING - /home/airflow/.local/lib/python3.10/site-packages/airflow/settings.py:470 DeprecationWarning: The sql_alchemy_conn option in [core] has been moved to the sql_alchemy_conn option in [database] - the old setting has been used, but please update your config.
[2026-08-20T19:57:05.893+0000] {processor.py:186} INFO - Started process (PID=1118) to work on /opt/airflow/dags/reconciliation_dag.py
[2026-08-20T19:57:05.895+0000] {processor.py:914} INFO - Processing file /opt/airflow/dags/reconciliation_dag.py for tasks to queue
[2026-08-20T19:57:05.898+0000] {logging_mixin.py:190} INFO - [2026-08-20T19:57:05.898+0000] {dagbag.py:588} INFO - Filling up the DagBag from /opt/airflow/dags/reconciliation_dag.py
[2026-08-20T19:57:05.941+0000] {processor.py:925} INFO - DAG(s) 'financial_reconciliation_pipeline' retrieved from /opt/airflow/dags/reconciliation_dag.py
[2026-08-20T19:57:05.961+0000] {logging_mixin.py:190} INFO - [2026-08-20T19:57:05.961+0000] {dag.py:3239} INFO - Sync 1 DAGs
[2026-08-20T19:57:05.976+0000] {logging_mixin.py:190} INFO - [2026-08-20T19:57:05.976+0000] {dag.py:4180} INFO - Setting next_dagrun for financial_reconciliation_pipeline to 2026-08-20 00:00:00+00:00, run_after=2026-08-21 00:00:00+00:00
[2026-08-20T19:57:05.994+0000] {processor.py:208} INFO - Processing /opt/airflow/dags/reconciliation_dag.py took 0.109 seconds
[2026-08-20T19:57:36.310+0000] {logging_mixin.py:190} WARNING - /home/airflow/.local/lib/python3.10/site-packages/airflow/settings.py:470 DeprecationWarning: The sql_alchemy_conn option in [core] has been moved to the sql_alchemy_conn option in [database] - the old setting has been used, but please update your config.
[2026-08-20T19:57:36.317+0000] {processor.py:186} INFO - Started process (PID=1119) to work on /opt/airflow/dags/reconciliation_dag.py
[2026-08-20T19:57:36.318+0000] {processor.py:914} INFO - Processing file /opt/airflow/dags/reconciliation_dag.py for tasks to queue
[2026-08-20T19:57:36.321+0000] {logging_mixin.py:190} INFO - [2026-08-20T19:57:36.321+0000] {dagbag.py:588} INFO - Filling up the DagBag from /opt/airflow/dags/reconciliation_dag.py
[2026-08-20T19:57:36.348+0000] {processor.py:925} INFO - DAG(s) 'financial_reconciliation_pipeline' retrieved from /opt/airflow/dags/reconciliation_dag.py
[2026-08-20T19:57:36.369+0000] {logging_mixin.py:190} INFO - [2026-08-20T19:57:36.369+0000] {dag.py:3239} INFO - Sync 1 DAGs
[2026-08-20T19:57:36.391+0000] {logging_mixin.py:190} INFO - [2026-08-20T19:57:36.391+0000] {dag.py:4180} INFO - Setting next_dagrun for financial_reconciliation_pipeline to 2026-08-20 00:00:00+00:00, run_after=2026-08-21 00:00:00+00:00
[2026-08-20T19:57:36.409+0000] {processor.py:208} INFO - Processing /opt/airflow/dags/reconciliation_dag.py took 0.102 seconds
[2026-08-20T19:58:06.596+0000] {logging_mixin.py:190} WARNING - /home/airflow/.local/lib/python3.10/site-packages/airflow/settings.py:470 DeprecationWarning: The sql_alchemy_conn option in [core] has been moved to the sql_alchemy_conn option in [database] - the old setting has been used, but please update your config.
[2026-08-20T19:58:06.601+0000] {processor.py:186} INFO - Started process (PID=1120) to work on /opt/airflow/dags/reconciliation_dag.py
[2026-08-20T19:58:06.602+0000] {processor.py:914} INFO - Processing file /opt/airflow/dags/reconciliation_dag.py for tasks to queue
[2026-08-20T19:58:06.605+0000] {logging_mixin.py:190} INFO - [2026-08-20T19:58:06.604+0000] {dagbag.py:588} INFO - Filling up the DagBag from /opt/airflow/dags/reconciliation_dag.py
[2026-08-20T19:58:06.626+0000] {processor.py:925} INFO - DAG(s) 'financial_reconciliation_pipeline' retrieved from /opt/airflow/dags/reconciliation_dag.py
[2026-08-20T19:58:06.645+0000] {logging_mixin.py:190} INFO - [2026-08-20T19:58:06.645+0000] {dag.py:3239} INFO - Sync 1 DAGs
[2026-08-20T19:58:06.662+0000] {logging_mixin.py:190} INFO - [2026-08-20T19:58:06.662+0000] {dag.py:4180} INFO - Setting next_dagrun for financial_reconciliation_pipeline to 2026-08-20 00:00:00+00:00, run_after=2026-08-21 00:00:00+00:00
[2026-08-20T19:58:06.679+0000] {processor.py:208} INFO - Processing /opt/airflow/dags/reconciliation_dag.py took 0.085 seconds
[2026-08-20T19:58:36.947+0000] {logging_mixin.py:190} WARNING - /home/airflow/.local/lib/python3.10/site-packages/airflow/settings.py:470 DeprecationWarning: The sql_alchemy_conn option in [core] has been moved to the sql_alchemy_conn option in [database] - the old setting has been used, but please update your config.
[2026-08-20T19:58:36.954+0000] {processor.py:186} INFO - Started process (PID=1121) to work on /opt/airflow/dags/reconciliation_dag.py
[2026-08-20T19:58:36.955+0000] {processor.py:914} INFO - Processing file /opt/airflow/dags/reconciliation_dag.py for tasks to queue
[2026-08-20T19:58:36.958+0000] {logging_mixin.py:190} INFO - [2026-08-20T19:58:36.957+0000] {dagbag.py:588} INFO - Filling up the DagBag from /opt/airflow/dags/reconciliation_dag.py
[2026-08-20T19:58:36.980+0000] {processor.py:925} INFO - DAG(s) 'financial_reconciliation_pipeline' retrieved from /opt/airflow/dags/reconciliation_dag.py
[2026-08-20T19:58:37.000+0000] {logging_mixin.py:190} INFO - [2026-08-20T19:58:37.000+0000] {dag.py:3239} INFO - Sync 1 DAGs
[2026-08-20T19:58:37.019+0000] {logging_mixin.py:190} INFO - [2026-08-20T19:58:37.019+0000] {dag.py:4180} INFO - Setting next_dagrun for financial_reconciliation_pipeline to 2026-08-20 00:00:00+00:00, run_after=2026-08-21 00:00:00+00:00
[2026-08-20T19:58:37.034+0000] {processor.py:208} INFO - Processing /opt/airflow/dags/reconciliation_dag.py took 0.089 seconds
[2026-08-20T19:59:07.182+0000] {logging_mixin.py:190} WARNING - /home/airflow/.local/lib/python3.10/site-packages/airflow/settings.py:470 DeprecationWarning: The sql_alchemy_conn option in [core] has been moved to the sql_alchemy_conn option in [database] - the old setting has been used, but please update your config.
[2026-08-20T19:59:07.187+0000] {processor.py:186} INFO - Started process (PID=1122) to work on /opt/airflow/dags/reconciliation_dag.py
[2026-08-20T19:59:07.188+0000] {processor.py:914} INFO - Processing file /opt/airflow/dags/reconciliation_dag.py for tasks to queue
[2026-08-20T19:59:07.191+0000] {logging_mixin.py:190} INFO - [2026-08-20T19:59:07.191+0000] {dagbag.py:588} INFO - Filling up the DagBag from /opt/airflow/dags/reconciliation_dag.py
[2026-08-20T19:59:07.211+0000] {processor.py:925} INFO - DAG(s) 'financial_reconciliation_pipeline' retrieved from /opt/airflow/dags/reconciliation_dag.py
[2026-08-20T19:59:07.230+0000] {logging_mixin.py:190} INFO - [2026-08-20T19:59:07.230+0000] {dag.py:3239} INFO - Sync 1 DAGs
[2026-08-20T19:59:07.246+0000] {logging_mixin.py:190} INFO - [2026-08-20T19:59:07.246+0000] {dag.py:4180} INFO - Setting next_dagrun for financial_reconciliation_pipeline to 2026-08-20 00:00:00+00:00, run_after=2026-08-21 00:00:00+00:00
[2026-08-20T19:59:07.262+0000] {processor.py:208} INFO - Processing /opt/airflow/dags/reconciliation_dag.py took 0.083 seconds
[2026-08-20T19:59:37.580+0000] {logging_mixin.py:190} WARNING - /home/airflow/.local/lib/python3.10/site-packages/airflow/settings.py:470 DeprecationWarning: The sql_alchemy_conn option in [core] has been moved to the sql_alchemy_conn option in [database] - the old setting has been used, but please update your config.
[2026-08-20T19:59:37.586+0000] {processor.py:186} INFO - Started process (PID=1123) to work on /opt/airflow/dags/reconciliation_dag.py
[2026-08-20T19:59:37.587+0000] {processor.py:914} INFO - Processing file /opt/airflow/dags/reconciliation_dag.py for tasks to queue
[2026-08-20T19:59:37.590+0000] {logging_mixin.py:190} INFO - [2026-08-20T19:59:37.590+0000] {dagbag.py:588} INFO - Filling up the DagBag from /opt/airflow/dags/reconciliation_dag.py
[2026-08-20T19:59:37.633+0000] {processor.py:925} INFO - DAG(s) 'financial_reconciliation_pipeline' retrieved from /opt/airflow/dags/reconciliation_dag.py
[2026-08-20T19:59:37.650+0000] {logging_mixin.py:190} INFO - [2026-08-20T19:59:37.649+0000] {dag.py:3239} INFO - Sync 1 DAGs
[2026-08-20T19:59:37.665+0000] {logging_mixin.py:190} INFO - [2026-08-20T19:59:37.665+0000] {dag.py:4180} INFO - Setting next_dagrun for financial_reconciliation_pipeline to 2026-08-20 00:00:00+00:00, run_after=2026-08-21 00:00:00+00:00
[2026-08-20T19:59:37.681+0000] {processor.py:208} INFO - Processing /opt/airflow/dags/reconciliation_dag.py took 0.103 seconds
[2026-08-20T20:00:07.819+0000] {logging_mixin.py:190} WARNING - /home/airflow/.local/lib/python3.10/site-packages/airflow/settings.py:470 DeprecationWarning: The sql_alchemy_conn option in [core] has been moved to the sql_alchemy_conn option in [database] - the old setting has been used, but please update your config.
[2026-08-20T20:00:07.825+0000] {processor.py:186} INFO - Started process (PID=1124) to work on /opt/airflow/dags/reconciliation_dag.py
[2026-08-20T20:00:07.826+0000] {processor.py:914} INFO - Processing file /opt/airflow/dags/reconciliation_dag.py for tasks to queue
[2026-08-20T20:00:07.829+0000] {logging_mixin.py:190} INFO - [2026-08-20T20:00:07.829+0000] {dagbag.py:588} INFO - Filling up the DagBag from /opt/airflow/dags/reconciliation_dag.py
[2026-08-20T20:00:07.850+0000] {processor.py:925} INFO - DAG(s) 'financial_reconciliation_pipeline' retrieved from /opt/airflow/dags/reconciliation_dag.py
[2026-08-20T20:00:07.868+0000] {logging_mixin.py:190} INFO - [2026-08-20T20:00:07.868+0000] {dag.py:3239} INFO - Sync 1 DAGs
[2026-08-20T20:00:07.883+0000] {logging_mixin.py:190} INFO - [2026-08-20T20:00:07.883+0000] {dag.py:4180} INFO - Setting next_dagrun for financial_reconciliation_pipeline to 2026-08-20 00:00:00+00:00, run_after=2026-08-21 00:00:00+00:00
[2026-08-20T20:00:07.897+0000] {processor.py:208} INFO - Processing /opt/airflow/dags/reconciliation_dag.py took 0.081 seconds
[2026-08-20T20:00:38.166+0000] {logging_mixin.py:190} WARNING - /home/airflow/.local/lib/python3.10/site-packages/airflow/settings.py:470 DeprecationWarning: The sql_alchemy_conn option in [core] has been moved to the sql_alchemy_conn option in [database] - the old setting has been used, but please update your config.
[2026-08-20T20:00:38.171+0000] {processor.py:186} INFO - Started process (PID=1125) to work on /opt/airflow/dags/reconciliation_dag.py
[2026-08-20T20:00:38.172+0000] {processor.py:914} INFO - Processing file /opt/airflow/dags/reconciliation_dag.py for tasks to queue
[2026-08-20T20:00:38.175+0000] {logging_mixin.py:190} INFO - [2026-08-20T20:00:38.175+0000] {dagbag.py:588} INFO - Filling up the DagBag from /opt/airflow/dags/reconciliation_dag.py
[2026-08-20T20:00:38.195+0000] {processor.py:925} INFO - DAG(s) 'financial_reconciliation_pipeline' retrieved from /opt/airflow/dags/reconciliation_dag.py
[2026-08-20T20:00:38.211+0000] {logging_mixin.py:190} INFO - [2026-08-20T20:00:38.210+0000] {dag.py:3239} INFO - Sync 1 DAGs
[2026-08-20T20:00:38.225+0000] {logging_mixin.py:190} INFO - [2026-08-20T20:00:38.225+0000] {dag.py:4180} INFO - Setting next_dagrun for financial_reconciliation_pipeline to 2026-08-20 00:00:00+00:00, run_after=2026-08-21 00:00:00+00:00
[2026-08-20T20:00:38.237+0000] {processor.py:208} INFO - Processing /opt/airflow/dags/reconciliation_dag.py took 0.073 seconds
[2026-08-20T20:01:08.436+0000] {logging_mixin.py:190} WARNING - /home/airflow/.local/lib/python3.10/site-packages/airflow/settings.py:470 DeprecationWarning: The sql_alchemy_conn option in [core] has been moved to the sql_alchemy_conn option in [database] - the old setting has been used, but please update your config.
[2026-08-20T20:01:08.441+0000] {processor.py:186} INFO - Started process (PID=1126) to work on /opt/airflow/dags/reconciliation_dag.py
[2026-08-20T20:01:08.442+0000] {processor.py:914} INFO - Processing file /opt/airflow/dags/reconciliation_dag.py for tasks to queue
[2026-08-20T20:01:08.445+0000] {logging_mixin.py:190} INFO - [2026-08-20T20:01:08.444+0000] {dagbag.py:588} INFO - Filling up the DagBag from /opt/airflow/dags/reconciliation_dag.py
[2026-08-20T20:01:08.469+0000] {processor.py:925} INFO - DAG(s) 'financial_reconciliation_pipeline' retrieved from /opt/airflow/dags/reconciliation_dag.py
[2026-08-20T20:01:08.487+0000] {logging_mixin.py:190} INFO - [2026-08-20T20:01:08.487+0000] {dag.py:3239} INFO - Sync 1 DAGs
[2026-08-20T20:01:08.503+0000] {logging_mixin.py:190} INFO - [2026-08-20T20:01:08.503+0000] {dag.py:4180} INFO - Setting next_dagrun for financial_reconciliation_pipeline to 2026-08-20 00:00:00+00:00, run_after=2026-08-21 00:00:00+00:00
[2026-08-20T20:01:08.520+0000] {processor.py:208} INFO - Processing /opt/airflow/dags/reconciliation_dag.py took 0.087 seconds
[2026-08-20T20:01:38.720+0000] {logging_mixin.py:190} WARNING - /home/airflow/.local/lib/python3.10/site-packages/airflow/settings.py:470 DeprecationWarning: The sql_alchemy_conn option in [core] has been moved to the sql_alchemy_conn option in [database] - the old setting has been used, but please update your config.
[2026-08-20T20:01:38.725+0000] {processor.py:186} INFO - Started process (PID=1127) to work on /opt/airflow/dags/reconciliation_dag.py
[2026-08-20T20:01:38.726+0000] {processor.py:914} INFO - Processing file /opt/airflow/dags/reconciliation_dag.py for tasks to queue
[2026-08-20T20:01:38.730+0000] {logging_mixin.py:190} INFO - [2026-08-20T20:01:38.730+0000] {dagbag.py:588} INFO - Filling up the DagBag from /opt/airflow/dags/reconciliation_dag.py
[2026-08-20T20:01:38.752+0000] {processor.py:925} INFO - DAG(s) 'financial_reconciliation_pipeline' retrieved from /opt/airflow/dags/reconciliation_dag.py
[2026-08-20T20:01:38.771+0000] {logging_mixin.py:190} INFO - [2026-08-20T20:01:38.770+0000] {dag.py:3239} INFO - Sync 1 DAGs
[2026-08-20T20:01:38.787+0000] {logging_mixin.py:190} INFO - [2026-08-20T20:01:38.786+0000] {dag.py:4180} INFO - Setting next_dagrun for financial_reconciliation_pipeline to 2026-08-20 00:00:00+00:00, run_after=2026-08-21 00:00:00+00:00
[2026-08-20T20:01:38.803+0000] {processor.py:208} INFO - Processing /opt/airflow/dags/reconciliation_dag.py took 0.086 seconds
[2026-08-20T20:02:09.039+0000] {logging_mixin.py:190} WARNING - /home/airflow/.local/lib/python3.10/site-packages/airflow/settings.py:470 DeprecationWarning: The sql_alchemy_conn option in [core] has been moved to the sql_alchemy_conn option in [database] - the old setting has been used, but please update your config.
[2026-08-20T20:02:09.045+0000] {processor.py:186} INFO - Started process (PID=1128) to work on /opt/airflow/dags/reconciliation_dag.py
[2026-08-20T20:02:09.047+0000] {processor.py:914} INFO - Processing file /opt/airflow/dags/reconciliation_dag.py for tasks to queue
[2026-08-20T20:02:09.051+0000] {logging_mixin.py:190} INFO - [2026-08-20T20:02:09.051+0000] {dagbag.py:588} INFO - Filling up the DagBag from /opt/airflow/dags/reconciliation_dag.py
[2026-08-20T20:02:09.094+0000] {processor.py:925} INFO - DAG(s) 'financial_reconciliation_pipeline' retrieved from /opt/airflow/dags/reconciliation_dag.py
[2026-08-20T20:02:09.114+0000] {logging_mixin.py:190} INFO - [2026-08-20T20:02:09.113+0000] {dag.py:3239} INFO - Sync 1 DAGs
[2026-08-20T20:02:09.130+0000] {logging_mixin.py:190} INFO - [2026-08-20T20:02:09.130+0000] {dag.py:4180} INFO - Setting next_dagrun for financial_reconciliation_pipeline to 2026-08-20 00:00:00+00:00, run_after=2026-08-21 00:00:00+00:00
[2026-08-20T20:02:09.146+0000] {processor.py:208} INFO - Processing /opt/airflow/dags/reconciliation_dag.py took 0.109 seconds
[2026-08-20T20:02:39.315+0000] {logging_mixin.py:190} WARNING - /home/airflow/.local/lib/python3.10/site-packages/airflow/settings.py:470 DeprecationWarning: The sql_alchemy_conn option in [core] has been moved to the sql_alchemy_conn option in [database] - the old setting has been used, but please update your config.
[2026-08-20T20:02:39.321+0000] {processor.py:186} INFO - Started process (PID=1129) to work on /opt/airflow/dags/reconciliation_dag.py
[2026-08-20T20:02:39.323+0000] {processor.py:914} INFO - Processing file /opt/airflow/dags/reconciliation_dag.py for tasks to queue
[2026-08-20T20:02:39.325+0000] {logging_mixin.py:190} INFO - [2026-08-20T20:02:39.325+0000] {dagbag.py:588} INFO - Filling up the DagBag from /opt/airflow/dags/reconciliation_dag.py
[2026-08-20T20:02:39.365+0000] {processor.py:925} INFO - DAG(s) 'financial_reconciliation_pipeline' retrieved from /opt/airflow/dags/reconciliation_dag.py
[2026-08-20T20:02:39.383+0000] {logging_mixin.py:190} INFO - [2026-08-20T20:02:39.383+0000] {dag.py:3239} INFO - Sync 1 DAGs
[2026-08-20T20:02:39.399+0000] {logging_mixin.py:190} INFO - [2026-08-20T20:02:39.399+0000] {dag.py:4180} INFO - Setting next_dagrun for financial_reconciliation_pipeline to 2026-08-20 00:00:00+00:00, run_after=2026-08-21 00:00:00+00:00
[2026-08-20T20:02:39.419+0000] {processor.py:208} INFO - Processing /opt/airflow/dags/reconciliation_dag.py took 0.106 seconds
[2026-08-20T20:03:09.693+0000] {logging_mixin.py:190} WARNING - /home/airflow/.local/lib/python3.10/site-packages/airflow/settings.py:470 DeprecationWarning: The sql_alchemy_conn option in [core] has been moved to the sql_alchemy_conn option in [database] - the old setting has been used, but please update your config.
[2026-08-20T20:03:09.697+0000] {processor.py:186} INFO - Started process (PID=1130) to work on /opt/airflow/dags/reconciliation_dag.py
[2026-08-20T20:03:09.698+0000] {processor.py:914} INFO - Processing file /opt/airflow/dags/reconciliation_dag.py for tasks to queue
[2026-08-20T20:03:09.700+0000] {logging_mixin.py:190} INFO - [2026-08-20T20:03:09.700+0000] {dagbag.py:588} INFO - Filling up the DagBag from /opt/airflow/dags/reconciliation_dag.py
[2026-08-20T20:03:09.721+0000] {processor.py:925} INFO - DAG(s) 'financial_reconciliation_pipeline' retrieved from /opt/airflow/dags/reconciliation_dag.py
[2026-08-20T20:03:09.737+0000] {logging_mixin.py:190} INFO - [2026-08-20T20:03:09.737+0000] {dag.py:3239} INFO - Sync 1 DAGs
[2026-08-20T20:03:09.752+0000] {logging_mixin.py:190} INFO - [2026-08-20T20:03:09.752+0000] {dag.py:4180} INFO - Setting next_dagrun for financial_reconciliation_pipeline to 2026-08-20 00:00:00+00:00, run_after=2026-08-21 00:00:00+00:00
[2026-08-20T20:03:09.769+0000] {processor.py:208} INFO - Processing /opt/airflow/dags/reconciliation_dag.py took 0.078 seconds
[2026-08-20T20:03:40.039+0000] {logging_mixin.py:190} WARNING - /home/airflow/.local/lib/python3.10/site-packages/airflow/settings.py:470 DeprecationWarning: The sql_alchemy_conn option in [core] has been moved to the sql_alchemy_conn option in [database] - the old setting has been used, but please update your config.
[2026-08-20T20:03:40.045+0000] {processor.py:186} INFO - Started process (PID=1131) to work on /opt/airflow/dags/reconciliation_dag.py
[2026-08-20T20:03:40.046+0000] {processor.py:914} INFO - Processing file /opt/airflow/dags/reconciliation_dag.py for tasks to queue
[2026-08-20T20:03:40.050+0000] {logging_mixin.py:190} INFO - [2026-08-20T20:03:40.049+0000] {dagbag.py:588} INFO - Filling up the DagBag from /opt/airflow/dags/reconciliation_dag.py
[2026-08-20T20:03:40.093+0000] {processor.py:925} INFO - DAG(s) 'financial_reconciliation_pipeline' retrieved from /opt/airflow/dags/reconciliation_dag.py
[2026-08-20T20:03:40.110+0000] {logging_mixin.py:190} INFO - [2026-08-20T20:03:40.110+0000] {dag.py:3239} INFO - Sync 1 DAGs
[2026-08-20T20:03:40.125+0000] {logging_mixin.py:190} INFO - [2026-08-20T20:03:40.125+0000] {dag.py:4180} INFO - Setting next_dagrun for financial_reconciliation_pipeline to 2026-08-20 00:00:00+00:00, run_after=2026-08-21 00:00:00+00:00
[2026-08-20T20:03:40.143+0000] {processor.py:208} INFO - Processing /opt/airflow/dags/reconciliation_dag.py took 0.106 seconds
[2026-08-20T20:04:10.286+0000] {logging_mixin.py:190} WARNING - /home/airflow/.local/lib/python3.10/site-packages/airflow/settings.py:470 DeprecationWarning: The sql_alchemy_conn option in [core] has been moved to the sql_alchemy_conn option in [database] - the old setting has been used, but please update your config.
[2026-08-20T20:04:10.291+0000] {processor.py:186} INFO - Started process (PID=1132) to work on /opt/airflow/dags/reconciliation_dag.py
[2026-08-20T20:04:10.292+0000] {processor.py:914} INFO - Processing file /opt/airflow/dags/reconciliation_dag.py for tasks to queue
[2026-08-20T20:04:10.295+0000] {logging_mixin.py:190} INFO - [2026-08-20T20:04:10.294+0000] {dagbag.py:588} INFO - Filling up the DagBag from /opt/airflow/dags/reconciliation_dag.py
[2026-08-20T20:04:10.315+0000] {processor.py:925} INFO - DAG(s) 'financial_reconciliation_pipeline' retrieved from /opt/airflow/dags/reconciliation_dag.py
[2026-08-20T20:04:10.333+0000] {logging_mixin.py:190} INFO - [2026-08-20T20:04:10.333+0000] {dag.py:3239} INFO - Sync 1 DAGs
[2026-08-20T20:04:10.349+0000] {logging_mixin.py:190} INFO - [2026-08-20T20:04:10.349+0000] {dag.py:4180} INFO - Setting next_dagrun for financial_reconciliation_pipeline to 2026-08-20 00:00:00+00:00, run_after=2026-08-21 00:00:00+00:00
[2026-08-20T20:04:10.364+0000] {processor.py:208} INFO - Processing /opt/airflow/dags/reconciliation_dag.py took 0.080 seconds
[2026-08-20T20:04:40.537+0000] {logging_mixin.py:190} WARNING - /home/airflow/.local/lib/python3.10/site-packages/airflow/settings.py:470 DeprecationWarning: The sql_alchemy_conn option in [core] has been moved to the sql_alchemy_conn option in [database] - the old setting has been used, but please update your config.
[2026-08-20T20:04:40.543+0000] {processor.py:186} INFO - Started process (PID=1133) to work on /opt/airflow/dags/reconciliation_dag.py
[2026-08-20T20:04:40.544+0000] {processor.py:914} INFO - Processing file /opt/airflow/dags/reconciliation_dag.py for tasks to queue
[2026-08-20T20:04:40.547+0000] {logging_mixin.py:190} INFO - [2026-08-20T20:04:40.547+0000] {dagbag.py:588} INFO - Filling up the DagBag from /opt/airflow/dags/reconciliation_dag.py
[2026-08-20T20:04:40.567+0000] {processor.py:925} INFO - DAG(s) 'financial_reconciliation_pipeline' retrieved from /opt/airflow/dags/reconciliation_dag.py
[2026-08-20T20:04:40.585+0000] {logging_mixin.py:190} INFO - [2026-08-20T20:04:40.585+0000] {dag.py:3239} INFO - Sync 1 DAGs
[2026-08-20T20:04:40.601+0000] {logging_mixin.py:190} INFO - [2026-08-20T20:04:40.601+0000] {dag.py:4180} INFO - Setting next_dagrun for financial_reconciliation_pipeline to 2026-08-20 00:00:00+00:00, run_after=2026-08-21 00:00:00+00:00
[2026-08-20T20:04:40.615+0000] {processor.py:208} INFO - Processing /opt/airflow/dags/reconciliation_dag.py took 0.080 seconds
[2026-08-20T20:05:10.875+0000] {logging_mixin.py:190} WARNING - /home/airflow/.local/lib/python3.10/site-packages/airflow/settings.py:470 DeprecationWarning: The sql_alchemy_conn option in [core] has been moved to the sql_alchemy_conn option in [database] - the old setting has been used, but please update your config.
[2026-08-20T20:05:10.880+0000] {processor.py:186} INFO - Started process (PID=1134) to work on /opt/airflow/dags/reconciliation_dag.py
[2026-08-20T20:05:10.882+0000] {processor.py:914} INFO - Processing file /opt/airflow/dags/reconciliation_dag.py for tasks to queue
[2026-08-20T20:05:10.885+0000] {logging_mixin.py:190} INFO - [2026-08-20T20:05:10.885+0000] {dagbag.py:588} INFO - Filling up the DagBag from /opt/airflow/dags/reconciliation_dag.py
[2026-08-20T20:05:10.930+0000] {processor.py:925} INFO - DAG(s) 'financial_reconciliation_pipeline' retrieved from /opt/airflow/dags/reconciliation_dag.py
[2026-08-20T20:05:10.948+0000] {logging_mixin.py:190} INFO - [2026-08-20T20:05:10.948+0000] {dag.py:3239} INFO - Sync 1 DAGs
[2026-08-20T20:05:10.964+0000] {logging_mixin.py:190} INFO - [2026-08-20T20:05:10.964+0000] {dag.py:4180} INFO - Setting next_dagrun for financial_reconciliation_pipeline to 2026-08-20 00:00:00+00:00, run_after=2026-08-21 00:00:00+00:00
[2026-08-20T20:05:10.984+0000] {processor.py:208} INFO - Processing /opt/airflow/dags/reconciliation_dag.py took 0.112 seconds
[2026-08-20T20:05:41.168+0000] {logging_mixin.py:190} WARNING - /home/airflow/.local/lib/python3.10/site-packages/airflow/settings.py:470 DeprecationWarning: The sql_alchemy_conn option in [core] has been moved to the sql_alchemy_conn option in [database] - the old setting has been used, but please update your config.
[2026-08-20T20:05:41.173+0000] {processor.py:186} INFO - Started process (PID=1135) to work on /opt/airflow/dags/reconciliation_dag.py
[2026-08-20T20:05:41.175+0000] {processor.py:914} INFO - Processing file /opt/airflow/dags/reconciliation_dag.py for tasks to queue
[2026-08-20T20:05:41.178+0000] {logging_mixin.py:190} INFO - [2026-08-20T20:05:41.178+0000] {dagbag.py:588} INFO - Filling up the DagBag from /opt/airflow/dags/reconciliation_dag.py
[2026-08-20T20:05:41.197+0000] {processor.py:925} INFO - DAG(s) 'financial_reconciliation_pipeline' retrieved from /opt/airflow/dags/reconciliation_dag.py
[2026-08-20T20:05:41.216+0000] {logging_mixin.py:190} INFO - [2026-08-20T20:05:41.216+0000] {dag.py:3239} INFO - Sync 1 DAGs
[2026-08-20T20:05:41.236+0000] {logging_mixin.py:190} INFO - [2026-08-20T20:05:41.236+0000] {dag.py:4180} INFO - Setting next_dagrun for financial_reconciliation_pipeline to 2026-08-20 00:00:00+00:00, run_after=2026-08-21 00:00:00+00:00
[2026-08-20T20:05:41.253+0000] {processor.py:208} INFO - Processing /opt/airflow/dags/reconciliation_dag.py took 0.087 seconds
[2026-08-20T20:06:11.507+0000] {logging_mixin.py:190} WARNING - /home/airflow/.local/lib/python3.10/site-packages/airflow/settings.py:470 DeprecationWarning: The sql_alchemy_conn option in [core] has been moved to the sql_alchemy_conn option in [database] - the old setting has been used, but please update your config.
[2026-08-20T20:06:11.512+0000] {processor.py:186} INFO - Started process (PID=1136) to work on /opt/airflow/dags/reconciliation_dag.py
[2026-08-20T20:06:11.513+0000] {processor.py:914} INFO - Processing file /opt/airflow/dags/reconciliation_dag.py for tasks to queue
[2026-08-20T20:06:11.515+0000] {logging_mixin.py:190} INFO - [2026-08-20T20:06:11.515+0000] {dagbag.py:588} INFO - Filling up the DagBag from /opt/airflow/dags/reconciliation_dag.py
[2026-08-20T20:06:11.534+0000] {processor.py:925} INFO - DAG(s) 'financial_reconciliation_pipeline' retrieved from /opt/airflow/dags/reconciliation_dag.py
[2026-08-20T20:06:11.551+0000] {logging_mixin.py:190} INFO - [2026-08-20T20:06:11.550+0000] {dag.py:3239} INFO - Sync 1 DAGs
[2026-08-20T20:06:11.568+0000] {logging_mixin.py:190} INFO - [2026-08-20T20:06:11.567+0000] {dag.py:4180} INFO - Setting next_dagrun for financial_reconciliation_pipeline to 2026-08-20 00:00:00+00:00, run_after=2026-08-21 00:00:00+00:00
[2026-08-20T20:06:11.580+0000] {processor.py:208} INFO - Processing /opt/airflow/dags/reconciliation_dag.py took 0.076 seconds
[2026-08-20T20:06:41.790+0000] {logging_mixin.py:190} WARNING - /home/airflow/.local/lib/python3.10/site-packages/airflow/settings.py:470 DeprecationWarning: The sql_alchemy_conn option in [core] has been moved to the sql_alchemy_conn option in [database] - the old setting has been used, but please update your config.
[2026-08-20T20:06:41.795+0000] {processor.py:186} INFO - Started process (PID=1137) to work on /opt/airflow/dags/reconciliation_dag.py
[2026-08-20T20:06:41.796+0000] {processor.py:914} INFO - Processing file /opt/airflow/dags/reconciliation_dag.py for tasks to queue
[2026-08-20T20:06:41.799+0000] {logging_mixin.py:190} INFO - [2026-08-20T20:06:41.799+0000] {dagbag.py:588} INFO - Filling up the DagBag from /opt/airflow/dags/reconciliation_dag.py
[2026-08-20T20:06:41.821+0000] {processor.py:925} INFO - DAG(s) 'financial_reconciliation_pipeline' retrieved from /opt/airflow/dags/reconciliation_dag.py
[2026-08-20T20:06:41.836+0000] {logging_mixin.py:190} INFO - [2026-08-20T20:06:41.836+0000] {dag.py:3239} INFO - Sync 1 DAGs
[2026-08-20T20:06:41.851+0000] {logging_mixin.py:190} INFO - [2026-08-20T20:06:41.851+0000] {dag.py:4180} INFO - Setting next_dagrun for financial_reconciliation_pipeline to 2026-08-20 00:00:00+00:00, run_after=2026-08-21 00:00:00+00:00
[2026-08-20T20:06:41.867+0000] {processor.py:208} INFO - Processing /opt/airflow/dags/reconciliation_dag.py took 0.079 seconds
[2026-08-20T20:07:12.125+0000] {logging_mixin.py:190} WARNING - /home/airflow/.local/lib/python3.10/site-packages/airflow/settings.py:470 DeprecationWarning: The sql_alchemy_conn option in [core] has been moved to the sql_alchemy_conn option in [database] - the old setting has been used, but please update your config.
[2026-08-20T20:07:12.131+0000] {processor.py:186} INFO - Started process (PID=1138) to work on /opt/airflow/dags/reconciliation_dag.py
[2026-08-20T20:07:12.132+0000] {processor.py:914} INFO - Processing file /opt/airflow/dags/reconciliation_dag.py for tasks to queue
[2026-08-20T20:07:12.134+0000] {logging_mixin.py:190} INFO - [2026-08-20T20:07:12.134+0000] {dagbag.py:588} INFO - Filling up the DagBag from /opt/airflow/dags/reconciliation_dag.py
[2026-08-20T20:07:12.154+0000] {processor.py:925} INFO - DAG(s) 'financial_reconciliation_pipeline' retrieved from /opt/airflow/dags/reconciliation_dag.py
[2026-08-20T20:07:12.172+0000] {logging_mixin.py:190} INFO - [2026-08-20T20:07:12.172+0000] {dag.py:3239} INFO - Sync 1 DAGs
[2026-08-20T20:07:12.190+0000] {logging_mixin.py:190} INFO - [2026-08-20T20:07:12.190+0000] {dag.py:4180} INFO - Setting next_dagrun for financial_reconciliation_pipeline to 2026-08-20 00:00:00+00:00, run_after=2026-08-21 00:00:00+00:00
[2026-08-20T20:07:12.207+0000] {processor.py:208} INFO - Processing /opt/airflow/dags/reconciliation_dag.py took 0.084 seconds
[2026-08-20T20:07:42.397+0000] {logging_mixin.py:190} WARNING - /home/airflow/.local/lib/python3.10/site-packages/airflow/settings.py:470 DeprecationWarning: The sql_alchemy_conn option in [core] has been moved to the sql_alchemy_conn option in [database] - the old setting has been used, but please update your config.
[2026-08-20T20:07:42.402+0000] {processor.py:186} INFO - Started process (PID=1139) to work on /opt/airflow/dags/reconciliation_dag.py
[2026-08-20T20:07:42.403+0000] {processor.py:914} INFO - Processing file /opt/airflow/dags/reconciliation_dag.py for tasks to queue
[2026-08-20T20:07:42.405+0000] {logging_mixin.py:190} INFO - [2026-08-20T20:07:42.405+0000] {dagbag.py:588} INFO - Filling up the DagBag from /opt/airflow/dags/reconciliation_dag.py
[2026-08-20T20:07:42.426+0000] {processor.py:925} INFO - DAG(s) 'financial_reconciliation_pipeline' retrieved from /opt/airflow/dags/reconciliation_dag.py
[2026-08-20T20:07:42.443+0000] {logging_mixin.py:190} INFO - [2026-08-20T20:07:42.443+0000] {dag.py:3239} INFO - Sync 1 DAGs
[2026-08-20T20:07:42.457+0000] {logging_mixin.py:190} INFO - [2026-08-20T20:07:42.457+0000] {dag.py:4180} INFO - Setting next_dagrun for financial_reconciliation_pipeline to 2026-08-20 00:00:00+00:00, run_after=2026-08-21 00:00:00+00:00
[2026-08-20T20:07:42.473+0000] {processor.py:208} INFO - Processing /opt/airflow/dags/reconciliation_dag.py took 0.079 seconds
[2026-08-20T20:08:12.673+0000] {logging_mixin.py:190} WARNING - /home/airflow/.local/lib/python3.10/site-packages/airflow/settings.py:470 DeprecationWarning: The sql_alchemy_conn option in [core] has been moved to the sql_alchemy_conn option in [database] - the old setting has been used, but please update your config.
[2026-08-20T20:08:12.678+0000] {processor.py:186} INFO - Started process (PID=1140) to work on /opt/airflow/dags/reconciliation_dag.py
[2026-08-20T20:08:12.679+0000] {processor.py:914} INFO - Processing file /opt/airflow/dags/reconciliation_dag.py for tasks to queue
[2026-08-20T20:08:12.682+0000] {logging_mixin.py:190} INFO - [2026-08-20T20:08:12.682+0000] {dagbag.py:588} INFO - Filling up the DagBag from /opt/airflow/dags/reconciliation_dag.py
[2026-08-20T20:08:12.703+0000] {processor.py:925} INFO - DAG(s) 'financial_reconciliation_pipeline' retrieved from /opt/airflow/dags/reconciliation_dag.py
[2026-08-20T20:08:12.719+0000] {logging_mixin.py:190} INFO - [2026-08-20T20:08:12.719+0000] {dag.py:3239} INFO - Sync 1 DAGs
[2026-08-20T20:08:12.735+0000] {logging_mixin.py:190} INFO - [2026-08-20T20:08:12.735+0000] {dag.py:4180} INFO - Setting next_dagrun for financial_reconciliation_pipeline to 2026-08-20 00:00:00+00:00, run_after=2026-08-21 00:00:00+00:00
[2026-08-20T20:08:12.751+0000] {processor.py:208} INFO - Processing /opt/airflow/dags/reconciliation_dag.py took 0.080 seconds
[2026-08-20T20:08:43.033+0000] {logging_mixin.py:190} WARNING - /home/airflow/.local/lib/python3.10/site-packages/airflow/settings.py:470 DeprecationWarning: The sql_alchemy_conn option in [core] has been moved to the sql_alchemy_conn option in [database] - the old setting has been used, but please update your config.
[2026-08-20T20:08:43.041+0000] {processor.py:186} INFO - Started process (PID=1141) to work on /opt/airflow/dags/reconciliation_dag.py
[2026-08-20T20:08:43.043+0000] {processor.py:914} INFO - Processing file /opt/airflow/dags/reconciliation_dag.py for tasks to queue
[2026-08-20T20:08:43.047+0000] {logging_mixin.py:190} INFO - [2026-08-20T20:08:43.046+0000] {dagbag.py:588} INFO - Filling up the DagBag from /opt/airflow/dags/reconciliation_dag.py
[2026-08-20T20:08:43.091+0000] {processor.py:925} INFO - DAG(s) 'financial_reconciliation_pipeline' retrieved from /opt/airflow/dags/reconciliation_dag.py
[2026-08-20T20:08:43.111+0000] {logging_mixin.py:190} INFO - [2026-08-20T20:08:43.111+0000] {dag.py:3239} INFO - Sync 1 DAGs
[2026-08-20T20:08:43.127+0000] {logging_mixin.py:190} INFO - [2026-08-20T20:08:43.127+0000] {dag.py:4180} INFO - Setting next_dagrun for financial_reconciliation_pipeline to 2026-08-20 00:00:00+00:00, run_after=2026-08-21 00:00:00+00:00
[2026-08-20T20:08:43.141+0000] {processor.py:208} INFO - Processing /opt/airflow/dags/reconciliation_dag.py took 0.111 seconds
[2026-08-20T20:09:13.310+0000] {logging_mixin.py:190} WARNING - /home/airflow/.local/lib/python3.10/site-packages/airflow/settings.py:470 DeprecationWarning: The sql_alchemy_conn option in [core] has been moved to the sql_alchemy_conn option in [database] - the old setting has been used, but please update your config.
[2026-08-20T20:09:13.315+0000] {processor.py:186} INFO - Started process (PID=1142) to work on /opt/airflow/dags/reconciliation_dag.py
[2026-08-20T20:09:13.316+0000] {processor.py:914} INFO - Processing file /opt/airflow/dags/reconciliation_dag.py for tasks to queue
[2026-08-20T20:09:13.319+0000] {logging_mixin.py:190} INFO - [2026-08-20T20:09:13.319+0000] {dagbag.py:588} INFO - Filling up the DagBag from /opt/airflow/dags/reconciliation_dag.py
[2026-08-20T20:09:13.345+0000] {processor.py:925} INFO - DAG(s) 'financial_reconciliation_pipeline' retrieved from /opt/airflow/dags/reconciliation_dag.py
[2026-08-20T20:09:13.363+0000] {logging_mixin.py:190} INFO - [2026-08-20T20:09:13.363+0000] {dag.py:3239} INFO - Sync 1 DAGs
[2026-08-20T20:09:13.380+0000] {logging_mixin.py:190} INFO - [2026-08-20T20:09:13.380+0000] {dag.py:4180} INFO - Setting next_dagrun for financial_reconciliation_pipeline to 2026-08-20 00:00:00+00:00, run_after=2026-08-21 00:00:00+00:00
[2026-08-20T20:09:13.398+0000] {processor.py:208} INFO - Processing /opt/airflow/dags/reconciliation_dag.py took 0.090 seconds
[2026-08-20T20:09:43.630+0000] {logging_mixin.py:190} WARNING - /home/airflow/.local/lib/python3.10/site-packages/airflow/settings.py:470 DeprecationWarning: The sql_alchemy_conn option in [core] has been moved to the sql_alchemy_conn option in [database] - the old setting has been used, but please update your config.
[2026-08-20T20:09:43.635+0000] {processor.py:186} INFO - Started process (PID=1143) to work on /opt/airflow/dags/reconciliation_dag.py
[2026-08-20T20:09:43.636+0000] {processor.py:914} INFO - Processing file /opt/airflow/dags/reconciliation_dag.py for tasks to queue
[2026-08-20T20:09:43.639+0000] {logging_mixin.py:190} INFO - [2026-08-20T20:09:43.639+0000] {dagbag.py:588} INFO - Filling up the DagBag from /opt/airflow/dags/reconciliation_dag.py
[2026-08-20T20:09:43.661+0000] {processor.py:925} INFO - DAG(s) 'financial_reconciliation_pipeline' retrieved from /opt/airflow/dags/reconciliation_dag.py
[2026-08-20T20:09:43.680+0000] {logging_mixin.py:190} INFO - [2026-08-20T20:09:43.679+0000] {dag.py:3239} INFO - Sync 1 DAGs
[2026-08-20T20:09:43.697+0000] {logging_mixin.py:190} INFO - [2026-08-20T20:09:43.697+0000] {dag.py:4180} INFO - Setting next_dagrun for financial_reconciliation_pipeline to 2026-08-20 00:00:00+00:00, run_after=2026-08-21 00:00:00+00:00
[2026-08-20T20:09:43.711+0000] {processor.py:208} INFO - Processing /opt/airflow/dags/reconciliation_dag.py took 0.084 seconds
[2026-08-20T20:10:13.912+0000] {logging_mixin.py:190} WARNING - /home/airflow/.local/lib/python3.10/site-packages/airflow/settings.py:470 DeprecationWarning: The sql_alchemy_conn option in [core] has been moved to the sql_alchemy_conn option in [database] - the old setting has been used, but please update your config.
[2026-08-20T20:10:13.918+0000] {processor.py:186} INFO - Started process (PID=1144) to work on /opt/airflow/dags/reconciliation_dag.py
[2026-08-20T20:10:13.918+0000] {processor.py:914} INFO - Processing file /opt/airflow/dags/reconciliation_dag.py for tasks to queue
[2026-08-20T20:10:13.921+0000] {logging_mixin.py:190} INFO - [2026-08-20T20:10:13.921+0000] {dagbag.py:588} INFO - Filling up the DagBag from /opt/airflow/dags/reconciliation_dag.py
[2026-08-20T20:10:13.940+0000] {processor.py:925} INFO - DAG(s) 'financial_reconciliation_pipeline' retrieved from /opt/airflow/dags/reconciliation_dag.py
[2026-08-20T20:10:13.954+0000] {logging_mixin.py:190} INFO - [2026-08-20T20:10:13.954+0000] {dag.py:3239} INFO - Sync 1 DAGs
[2026-08-20T20:10:13.969+0000] {logging_mixin.py:190} INFO - [2026-08-20T20:10:13.969+0000] {dag.py:4180} INFO - Setting next_dagrun for financial_reconciliation_pipeline to 2026-08-20 00:00:00+00:00, run_after=2026-08-21 00:00:00+00:00
[2026-08-20T20:10:13.984+0000] {processor.py:208} INFO - Processing /opt/airflow/dags/reconciliation_dag.py took 0.074 seconds
[2026-08-20T20:10:44.229+0000] {logging_mixin.py:190} WARNING - /home/airflow/.local/lib/python3.10/site-packages/airflow/settings.py:470 DeprecationWarning: The sql_alchemy_conn option in [core] has been moved to the sql_alchemy_conn option in [database] - the old setting has been used, but please update your config.
[2026-08-20T20:10:44.234+0000] {processor.py:186} INFO - Started process (PID=1145) to work on /opt/airflow/dags/reconciliation_dag.py
[2026-08-20T20:10:44.235+0000] {processor.py:914} INFO - Processing file /opt/airflow/dags/reconciliation_dag.py for tasks to queue
[2026-08-20T20:10:44.237+0000] {logging_mixin.py:190} INFO - [2026-08-20T20:10:44.236+0000] {dagbag.py:588} INFO - Filling up the DagBag from /opt/airflow/dags/reconciliation_dag.py
[2026-08-20T20:10:44.254+0000] {processor.py:925} INFO - DAG(s) 'financial_reconciliation_pipeline' retrieved from /opt/airflow/dags/reconciliation_dag.py
[2026-08-20T20:10:44.269+0000] {logging_mixin.py:190} INFO - [2026-08-20T20:10:44.269+0000] {dag.py:3239} INFO - Sync 1 DAGs
[2026-08-20T20:10:44.284+0000] {logging_mixin.py:190} INFO - [2026-08-20T20:10:44.284+0000] {dag.py:4180} INFO - Setting next_dagrun for financial_reconciliation_pipeline to 2026-08-20 00:00:00+00:00, run_after=2026-08-21 00:00:00+00:00
[2026-08-20T20:10:44.298+0000] {processor.py:208} INFO - Processing /opt/airflow/dags/reconciliation_dag.py took 0.071 seconds
[2026-08-20T20:11:14.471+0000] {logging_mixin.py:190} WARNING - /home/airflow/.local/lib/python3.10/site-packages/airflow/settings.py:470 DeprecationWarning: The sql_alchemy_conn option in [core] has been moved to the sql_alchemy_conn option in [database] - the old setting has been used, but please update your config.
[2026-08-20T20:11:14.476+0000] {processor.py:186} INFO - Started process (PID=1146) to work on /opt/airflow/dags/reconciliation_dag.py
[2026-08-20T20:11:14.477+0000] {processor.py:914} INFO - Processing file /opt/airflow/dags/reconciliation_dag.py for tasks to queue
[2026-08-20T20:11:14.480+0000] {logging_mixin.py:190} INFO - [2026-08-20T20:11:14.480+0000] {dagbag.py:588} INFO - Filling up the DagBag from /opt/airflow/dags/reconciliation_dag.py
[2026-08-20T20:11:14.500+0000] {processor.py:925} INFO - DAG(s) 'financial_reconciliation_pipeline' retrieved from /opt/airflow/dags/reconciliation_dag.py
[2026-08-20T20:11:14.518+0000] {logging_mixin.py:190} INFO - [2026-08-20T20:11:14.517+0000] {dag.py:3239} INFO - Sync 1 DAGs
[2026-08-20T20:11:14.533+0000] {logging_mixin.py:190} INFO - [2026-08-20T20:11:14.533+0000] {dag.py:4180} INFO - Setting next_dagrun for financial_reconciliation_pipeline to 2026-08-20 00:00:00+00:00, run_after=2026-08-21 00:00:00+00:00
[2026-08-20T20:11:14.548+0000] {processor.py:208} INFO - Processing /opt/airflow/dags/reconciliation_dag.py took 0.079 seconds
[2026-08-20T20:11:44.774+0000] {logging_mixin.py:190} WARNING - /home/airflow/.local/lib/python3.10/site-packages/airflow/settings.py:470 DeprecationWarning: The sql_alchemy_conn option in [core] has been moved to the sql_alchemy_conn option in [database] - the old setting has been used, but please update your config.
[2026-08-20T20:11:44.778+0000] {processor.py:186} INFO - Started process (PID=1147) to work on /opt/airflow/dags/reconciliation_dag.py
[2026-08-20T20:11:44.779+0000] {processor.py:914} INFO - Processing file /opt/airflow/dags/reconciliation_dag.py for tasks to queue
[2026-08-20T20:11:44.781+0000] {logging_mixin.py:190} INFO - [2026-08-20T20:11:44.781+0000] {dagbag.py:588} INFO - Filling up the DagBag from /opt/airflow/dags/reconciliation_dag.py
[2026-08-20T20:11:44.799+0000] {processor.py:925} INFO - DAG(s) 'financial_reconciliation_pipeline' retrieved from /opt/airflow/dags/reconciliation_dag.py
[2026-08-20T20:11:44.815+0000] {logging_mixin.py:190} INFO - [2026-08-20T20:11:44.814+0000] {dag.py:3239} INFO - Sync 1 DAGs
[2026-08-20T20:11:44.829+0000] {logging_mixin.py:190} INFO - [2026-08-20T20:11:44.829+0000] {dag.py:4180} INFO - Setting next_dagrun for financial_reconciliation_pipeline to 2026-08-20 00:00:00+00:00, run_after=2026-08-21 00:00:00+00:00
[2026-08-20T20:11:44.845+0000] {processor.py:208} INFO - Processing /opt/airflow/dags/reconciliation_dag.py took 0.072 seconds
[2026-08-20T20:12:15.025+0000] {logging_mixin.py:190} WARNING - /home/airflow/.local/lib/python3.10/site-packages/airflow/settings.py:470 DeprecationWarning: The sql_alchemy_conn option in [core] has been moved to the sql_alchemy_conn option in [database] - the old setting has been used, but please update your config.
[2026-08-20T20:12:15.030+0000] {processor.py:186} INFO - Started process (PID=1148) to work on /opt/airflow/dags/reconciliation_dag.py
[2026-08-20T20:12:15.031+0000] {processor.py:914} INFO - Processing file /opt/airflow/dags/reconciliation_dag.py for tasks to queue
[2026-08-20T20:12:15.034+0000] {logging_mixin.py:190} INFO - [2026-08-20T20:12:15.034+0000] {dagbag.py:588} INFO - Filling up the DagBag from /opt/airflow/dags/reconciliation_dag.py
[2026-08-20T20:12:15.067+0000] {processor.py:925} INFO - DAG(s) 'financial_reconciliation_pipeline' retrieved from /opt/airflow/dags/reconciliation_dag.py
[2026-08-20T20:12:15.082+0000] {logging_mixin.py:190} INFO - [2026-08-20T20:12:15.082+0000] {dag.py:3239} INFO - Sync 1 DAGs
[2026-08-20T20:12:15.097+0000] {logging_mixin.py:190} INFO - [2026-08-20T20:12:15.096+0000] {dag.py:4180} INFO - Setting next_dagrun for financial_reconciliation_pipeline to 2026-08-20 00:00:00+00:00, run_after=2026-08-21 00:00:00+00:00
[2026-08-20T20:12:15.126+0000] {processor.py:208} INFO - Processing /opt/airflow/dags/reconciliation_dag.py took 0.103 seconds
[2026-08-20T20:12:45.354+0000] {logging_mixin.py:190} WARNING - /home/airflow/.local/lib/python3.10/site-packages/airflow/settings.py:470 DeprecationWarning: The sql_alchemy_conn option in [core] has been moved to the sql_alchemy_conn option in [database] - the old setting has been used, but please update your config.
[2026-08-20T20:12:45.359+0000] {processor.py:186} INFO - Started process (PID=1149) to work on /opt/airflow/dags/reconciliation_dag.py
[2026-08-20T20:12:45.360+0000] {processor.py:914} INFO - Processing file /opt/airflow/dags/reconciliation_dag.py for tasks to queue
[2026-08-20T20:12:45.363+0000] {logging_mixin.py:190} INFO - [2026-08-20T20:12:45.362+0000] {dagbag.py:588} INFO - Filling up the DagBag from /opt/airflow/dags/reconciliation_dag.py
[2026-08-20T20:12:45.381+0000] {processor.py:925} INFO - DAG(s) 'financial_reconciliation_pipeline' retrieved from /opt/airflow/dags/reconciliation_dag.py
[2026-08-20T20:12:45.397+0000] {logging_mixin.py:190} INFO - [2026-08-20T20:12:45.397+0000] {dag.py:3239} INFO - Sync 1 DAGs
[2026-08-20T20:12:45.411+0000] {logging_mixin.py:190} INFO - [2026-08-20T20:12:45.411+0000] {dag.py:4180} INFO - Setting next_dagrun for financial_reconciliation_pipeline to 2026-08-20 00:00:00+00:00, run_after=2026-08-21 00:00:00+00:00
[2026-08-20T20:12:45.424+0000] {processor.py:208} INFO - Processing /opt/airflow/dags/reconciliation_dag.py took 0.072 seconds
[2026-08-20T20:13:15.686+0000] {logging_mixin.py:190} WARNING - /home/airflow/.local/lib/python3.10/site-packages/airflow/settings.py:470 DeprecationWarning: The sql_alchemy_conn option in [core] has been moved to the sql_alchemy_conn option in [database] - the old setting has been used, but please update your config.
[2026-08-20T20:13:15.690+0000] {processor.py:186} INFO - Started process (PID=1150) to work on /opt/airflow/dags/reconciliation_dag.py
[2026-08-20T20:13:15.691+0000] {processor.py:914} INFO - Processing file /opt/airflow/dags/reconciliation_dag.py for tasks to queue
[2026-08-20T20:13:15.694+0000] {logging_mixin.py:190} INFO - [2026-08-20T20:13:15.694+0000] {dagbag.py:588} INFO - Filling up the DagBag from /opt/airflow/dags/reconciliation_dag.py
[2026-08-20T20:13:15.718+0000] {processor.py:925} INFO - DAG(s) 'financial_reconciliation_pipeline' retrieved from /opt/airflow/dags/reconciliation_dag.py
[2026-08-20T20:13:15.736+0000] {logging_mixin.py:190} INFO - [2026-08-20T20:13:15.736+0000] {dag.py:3239} INFO - Sync 1 DAGs
[2026-08-20T20:13:15.755+0000] {logging_mixin.py:190} INFO - [2026-08-20T20:13:15.754+0000] {dag.py:4180} INFO - Setting next_dagrun for financial_reconciliation_pipeline to 2026-08-20 00:00:00+00:00, run_after=2026-08-21 00:00:00+00:00
[2026-08-20T20:13:15.776+0000] {processor.py:208} INFO - Processing /opt/airflow/dags/reconciliation_dag.py took 0.093 seconds
[2026-08-20T20:13:45.937+0000] {logging_mixin.py:190} WARNING - /home/airflow/.local/lib/python3.10/site-packages/airflow/settings.py:470 DeprecationWarning: The sql_alchemy_conn option in [core] has been moved to the sql_alchemy_conn option in [database] - the old setting has been used, but please update your config.
[2026-08-20T20:13:45.943+0000] {processor.py:186} INFO - Started process (PID=1151) to work on /opt/airflow/dags/reconciliation_dag.py
[2026-08-20T20:13:45.944+0000] {processor.py:914} INFO - Processing file /opt/airflow/dags/reconciliation_dag.py for tasks to queue
[2026-08-20T20:13:45.946+0000] {logging_mixin.py:190} INFO - [2026-08-20T20:13:45.946+0000] {dagbag.py:588} INFO - Filling up the DagBag from /opt/airflow/dags/reconciliation_dag.py
[2026-08-20T20:13:45.967+0000] {processor.py:925} INFO - DAG(s) 'financial_reconciliation_pipeline' retrieved from /opt/airflow/dags/reconciliation_dag.py
[2026-08-20T20:13:45.985+0000] {logging_mixin.py:190} INFO - [2026-08-20T20:13:45.985+0000] {dag.py:3239} INFO - Sync 1 DAGs
[2026-08-20T20:13:46.002+0000] {logging_mixin.py:190} INFO - [2026-08-20T20:13:46.002+0000] {dag.py:4180} INFO - Setting next_dagrun for financial_reconciliation_pipeline to 2026-08-20 00:00:00+00:00, run_after=2026-08-21 00:00:00+00:00
[2026-08-20T20:13:46.020+0000] {processor.py:208} INFO - Processing /opt/airflow/dags/reconciliation_dag.py took 0.085 seconds
[2026-08-20T20:14:16.304+0000] {logging_mixin.py:190} WARNING - /home/airflow/.local/lib/python3.10/site-packages/airflow/settings.py:470 DeprecationWarning: The sql_alchemy_conn option in [core] has been moved to the sql_alchemy_conn option in [database] - the old setting has been used, but please update your config.
[2026-08-20T20:14:16.310+0000] {processor.py:186} INFO - Started process (PID=1152) to work on /opt/airflow/dags/reconciliation_dag.py
[2026-08-20T20:14:16.311+0000] {processor.py:914} INFO - Processing file /opt/airflow/dags/reconciliation_dag.py for tasks to queue
[2026-08-20T20:14:16.314+0000] {logging_mixin.py:190} INFO - [2026-08-20T20:14:16.314+0000] {dagbag.py:588} INFO - Filling up the DagBag from /opt/airflow/dags/reconciliation_dag.py
[2026-08-20T20:14:16.334+0000] {processor.py:925} INFO - DAG(s) 'financial_reconciliation_pipeline' retrieved from /opt/airflow/dags/reconciliation_dag.py
[2026-08-20T20:14:16.351+0000] {logging_mixin.py:190} INFO - [2026-08-20T20:14:16.351+0000] {dag.py:3239} INFO - Sync 1 DAGs
[2026-08-20T20:14:16.365+0000] {logging_mixin.py:190} INFO - [2026-08-20T20:14:16.365+0000] {dag.py:4180} INFO - Setting next_dagrun for financial_reconciliation_pipeline to 2026-08-20 00:00:00+00:00, run_after=2026-08-21 00:00:00+00:00
[2026-08-20T20:14:16.381+0000] {processor.py:208} INFO - Processing /opt/airflow/dags/reconciliation_dag.py took 0.078 seconds
[2026-08-20T20:14:46.561+0000] {logging_mixin.py:190} WARNING - /home/airflow/.local/lib/python3.10/site-packages/airflow/settings.py:470 DeprecationWarning: The sql_alchemy_conn option in [core] has been moved to the sql_alchemy_conn option in [database] - the old setting has been used, but please update your config.
[2026-08-20T20:14:46.566+0000] {processor.py:186} INFO - Started process (PID=1153) to work on /opt/airflow/dags/reconciliation_dag.py
[2026-08-20T20:14:46.567+0000] {processor.py:914} INFO - Processing file /opt/airflow/dags/reconciliation_dag.py for tasks to queue
[2026-08-20T20:14:46.569+0000] {logging_mixin.py:190} INFO - [2026-08-20T20:14:46.569+0000] {dagbag.py:588} INFO - Filling up the DagBag from /opt/airflow/dags/reconciliation_dag.py
[2026-08-20T20:14:46.587+0000] {processor.py:925} INFO - DAG(s) 'financial_reconciliation_pipeline' retrieved from /opt/airflow/dags/reconciliation_dag.py
[2026-08-20T20:14:46.603+0000] {logging_mixin.py:190} INFO - [2026-08-20T20:14:46.603+0000] {dag.py:3239} INFO - Sync 1 DAGs
[2026-08-20T20:14:46.618+0000] {logging_mixin.py:190} INFO - [2026-08-20T20:14:46.618+0000] {dag.py:4180} INFO - Setting next_dagrun for financial_reconciliation_pipeline to 2026-08-20 00:00:00+00:00, run_after=2026-08-21 00:00:00+00:00
[2026-08-20T20:14:46.632+0000] {processor.py:208} INFO - Processing /opt/airflow/dags/reconciliation_dag.py took 0.073 seconds
[2026-08-20T20:15:16.893+0000] {logging_mixin.py:190} WARNING - /home/airflow/.local/lib/python3.10/site-packages/airflow/settings.py:470 DeprecationWarning: The sql_alchemy_conn option in [core] has been moved to the sql_alchemy_conn option in [database] - the old setting has been used, but please update your config.
[2026-08-20T20:15:16.898+0000] {processor.py:186} INFO - Started process (PID=1154) to work on /opt/airflow/dags/reconciliation_dag.py
[2026-08-20T20:15:16.900+0000] {processor.py:914} INFO - Processing file /opt/airflow/dags/reconciliation_dag.py for tasks to queue
[2026-08-20T20:15:16.907+0000] {logging_mixin.py:190} INFO - [2026-08-20T20:15:16.907+0000] {dagbag.py:588} INFO - Filling up the DagBag from /opt/airflow/dags/reconciliation_dag.py
[2026-08-20T20:15:17.043+0000] {processor.py:925} INFO - DAG(s) 'financial_reconciliation_pipeline' retrieved from /opt/airflow/dags/reconciliation_dag.py
[2026-08-20T20:15:17.060+0000] {logging_mixin.py:190} INFO - [2026-08-20T20:15:17.060+0000] {dag.py:3239} INFO - Sync 1 DAGs
[2026-08-20T20:15:17.075+0000] {logging_mixin.py:190} INFO - [2026-08-20T20:15:17.075+0000] {dag.py:4180} INFO - Setting next_dagrun for financial_reconciliation_pipeline to 2026-08-20 00:00:00+00:00, run_after=2026-08-21 00:00:00+00:00
[2026-08-20T20:15:17.091+0000] {processor.py:208} INFO - Processing /opt/airflow/dags/reconciliation_dag.py took 0.200 seconds
[2026-08-20T20:15:47.146+0000] {logging_mixin.py:190} WARNING - /home/airflow/.local/lib/python3.10/site-packages/airflow/settings.py:470 DeprecationWarning: The sql_alchemy_conn option in [core] has been moved to the sql_alchemy_conn option in [database] - the old setting has been used, but please update your config.
[2026-08-20T20:15:47.153+0000] {processor.py:186} INFO - Started process (PID=1155) to work on /opt/airflow/dags/reconciliation_dag.py
[2026-08-20T20:15:47.155+0000] {processor.py:914} INFO - Processing file /opt/airflow/dags/reconciliation_dag.py for tasks to queue
[2026-08-20T20:15:47.158+0000] {logging_mixin.py:190} INFO - [2026-08-20T20:15:47.158+0000] {dagbag.py:588} INFO - Filling up the DagBag from /opt/airflow/dags/reconciliation_dag.py
[2026-08-20T20:15:47.195+0000] {processor.py:925} INFO - DAG(s) 'financial_reconciliation_pipeline' retrieved from /opt/airflow/dags/reconciliation_dag.py
[2026-08-20T20:15:47.215+0000] {logging_mixin.py:190} INFO - [2026-08-20T20:15:47.215+0000] {dag.py:3239} INFO - Sync 1 DAGs
[2026-08-20T20:15:47.231+0000] {logging_mixin.py:190} INFO - [2026-08-20T20:15:47.231+0000] {dag.py:4180} INFO - Setting next_dagrun for financial_reconciliation_pipeline to 2026-08-20 00:00:00+00:00, run_after=2026-08-21 00:00:00+00:00
[2026-08-20T20:15:47.244+0000] {processor.py:208} INFO - Processing /opt/airflow/dags/reconciliation_dag.py took 0.101 seconds
[2026-08-20T20:16:17.375+0000] {logging_mixin.py:190} WARNING - /home/airflow/.local/lib/python3.10/site-packages/airflow/settings.py:470 DeprecationWarning: The sql_alchemy_conn option in [core] has been moved to the sql_alchemy_conn option in [database] - the old setting has been used, but please update your config.
[2026-08-20T20:16:17.380+0000] {processor.py:186} INFO - Started process (PID=1156) to work on /opt/airflow/dags/reconciliation_dag.py
[2026-08-20T20:16:17.381+0000] {processor.py:914} INFO - Processing file /opt/airflow/dags/reconciliation_dag.py for tasks to queue
[2026-08-20T20:16:17.383+0000] {logging_mixin.py:190} INFO - [2026-08-20T20:16:17.383+0000] {dagbag.py:588} INFO - Filling up the DagBag from /opt/airflow/dags/reconciliation_dag.py
[2026-08-20T20:16:17.402+0000] {processor.py:925} INFO - DAG(s) 'financial_reconciliation_pipeline' retrieved from /opt/airflow/dags/reconciliation_dag.py
[2026-08-20T20:16:17.418+0000] {logging_mixin.py:190} INFO - [2026-08-20T20:16:17.418+0000] {dag.py:3239} INFO - Sync 1 DAGs
[2026-08-20T20:16:17.433+0000] {logging_mixin.py:190} INFO - [2026-08-20T20:16:17.433+0000] {dag.py:4180} INFO - Setting next_dagrun for financial_reconciliation_pipeline to 2026-08-20 00:00:00+00:00, run_after=2026-08-21 00:00:00+00:00
[2026-08-20T20:16:17.448+0000] {processor.py:208} INFO - Processing /opt/airflow/dags/reconciliation_dag.py took 0.075 seconds
[2026-08-20T20:16:47.698+0000] {logging_mixin.py:190} WARNING - /home/airflow/.local/lib/python3.10/site-packages/airflow/settings.py:470 DeprecationWarning: The sql_alchemy_conn option in [core] has been moved to the sql_alchemy_conn option in [database] - the old setting has been used, but please update your config.
[2026-08-20T20:16:47.704+0000] {processor.py:186} INFO - Started process (PID=1157) to work on /opt/airflow/dags/reconciliation_dag.py
[2026-08-20T20:16:47.706+0000] {processor.py:914} INFO - Processing file /opt/airflow/dags/reconciliation_dag.py for tasks to queue
[2026-08-20T20:16:47.709+0000] {logging_mixin.py:190} INFO - [2026-08-20T20:16:47.709+0000] {dagbag.py:588} INFO - Filling up the DagBag from /opt/airflow/dags/reconciliation_dag.py
[2026-08-20T20:16:47.729+0000] {processor.py:925} INFO - DAG(s) 'financial_reconciliation_pipeline' retrieved from /opt/airflow/dags/reconciliation_dag.py
[2026-08-20T20:16:47.747+0000] {logging_mixin.py:190} INFO - [2026-08-20T20:16:47.747+0000] {dag.py:3239} INFO - Sync 1 DAGs
[2026-08-20T20:16:47.762+0000] {logging_mixin.py:190} INFO - [2026-08-20T20:16:47.762+0000] {dag.py:4180} INFO - Setting next_dagrun for financial_reconciliation_pipeline to 2026-08-20 00:00:00+00:00, run_after=2026-08-21 00:00:00+00:00
[2026-08-20T20:16:47.780+0000] {processor.py:208} INFO - Processing /opt/airflow/dags/reconciliation_dag.py took 0.084 seconds
[2026-08-20T20:17:17.955+0000] {logging_mixin.py:190} WARNING - /home/airflow/.local/lib/python3.10/site-packages/airflow/settings.py:470 DeprecationWarning: The sql_alchemy_conn option in [core] has been moved to the sql_alchemy_conn option in [database] - the old setting has been used, but please update your config.
[2026-08-20T20:17:17.961+0000] {processor.py:186} INFO - Started process (PID=1158) to work on /opt/airflow/dags/reconciliation_dag.py
[2026-08-20T20:17:17.962+0000] {processor.py:914} INFO - Processing file /opt/airflow/dags/reconciliation_dag.py for tasks to queue
[2026-08-20T20:17:17.965+0000] {logging_mixin.py:190} INFO - [2026-08-20T20:17:17.965+0000] {dagbag.py:588} INFO - Filling up the DagBag from /opt/airflow/dags/reconciliation_dag.py
[2026-08-20T20:17:17.986+0000] {processor.py:925} INFO - DAG(s) 'financial_reconciliation_pipeline' retrieved from /opt/airflow/dags/reconciliation_dag.py
[2026-08-20T20:17:18.008+0000] {logging_mixin.py:190} INFO - [2026-08-20T20:17:18.007+0000] {dag.py:3239} INFO - Sync 1 DAGs
[2026-08-20T20:17:18.025+0000] {logging_mixin.py:190} INFO - [2026-08-20T20:17:18.025+0000] {dag.py:4180} INFO - Setting next_dagrun for financial_reconciliation_pipeline to 2026-08-20 00:00:00+00:00, run_after=2026-08-21 00:00:00+00:00
[2026-08-20T20:17:18.041+0000] {processor.py:208} INFO - Processing /opt/airflow/dags/reconciliation_dag.py took 0.089 seconds
[2026-08-20T20:17:48.277+0000] {logging_mixin.py:190} WARNING - /home/airflow/.local/lib/python3.10/site-packages/airflow/settings.py:470 DeprecationWarning: The sql_alchemy_conn option in [core] has been moved to the sql_alchemy_conn option in [database] - the old setting has been used, but please update your config.
[2026-08-20T20:17:48.282+0000] {processor.py:186} INFO - Started process (PID=1159) to work on /opt/airflow/dags/reconciliation_dag.py
[2026-08-20T20:17:48.283+0000] {processor.py:914} INFO - Processing file /opt/airflow/dags/reconciliation_dag.py for tasks to queue
[2026-08-20T20:17:48.286+0000] {logging_mixin.py:190} INFO - [2026-08-20T20:17:48.286+0000] {dagbag.py:588} INFO - Filling up the DagBag from /opt/airflow/dags/reconciliation_dag.py
[2026-08-20T20:17:48.309+0000] {processor.py:925} INFO - DAG(s) 'financial_reconciliation_pipeline' retrieved from /opt/airflow/dags/reconciliation_dag.py
[2026-08-20T20:17:48.326+0000] {logging_mixin.py:190} INFO - [2026-08-20T20:17:48.325+0000] {dag.py:3239} INFO - Sync 1 DAGs
[2026-08-20T20:17:48.342+0000] {logging_mixin.py:190} INFO - [2026-08-20T20:17:48.342+0000] {dag.py:4180} INFO - Setting next_dagrun for financial_reconciliation_pipeline to 2026-08-20 00:00:00+00:00, run_after=2026-08-21 00:00:00+00:00
[2026-08-20T20:17:48.355+0000] {processor.py:208} INFO - Processing /opt/airflow/dags/reconciliation_dag.py took 0.081 seconds
[2026-08-20T20:18:18.575+0000] {logging_mixin.py:190} WARNING - /home/airflow/.local/lib/python3.10/site-packages/airflow/settings.py:470 DeprecationWarning: The sql_alchemy_conn option in [core] has been moved to the sql_alchemy_conn option in [database] - the old setting has been used, but please update your config.
[2026-08-20T20:18:18.580+0000] {processor.py:186} INFO - Started process (PID=1160) to work on /opt/airflow/dags/reconciliation_dag.py
[2026-08-20T20:18:18.581+0000] {processor.py:914} INFO - Processing file /opt/airflow/dags/reconciliation_dag.py for tasks to queue
[2026-08-20T20:18:18.583+0000] {logging_mixin.py:190} INFO - [2026-08-20T20:18:18.583+0000] {dagbag.py:588} INFO - Filling up the DagBag from /opt/airflow/dags/reconciliation_dag.py
[2026-08-20T20:18:18.603+0000] {processor.py:925} INFO - DAG(s) 'financial_reconciliation_pipeline' retrieved from /opt/airflow/dags/reconciliation_dag.py
[2026-08-20T20:18:18.619+0000] {logging_mixin.py:190} INFO - [2026-08-20T20:18:18.618+0000] {dag.py:3239} INFO - Sync 1 DAGs
[2026-08-20T20:18:18.633+0000] {logging_mixin.py:190} INFO - [2026-08-20T20:18:18.633+0000] {dag.py:4180} INFO - Setting next_dagrun for financial_reconciliation_pipeline to 2026-08-20 00:00:00+00:00, run_after=2026-08-21 00:00:00+00:00
[2026-08-20T20:18:18.648+0000] {processor.py:208} INFO - Processing /opt/airflow/dags/reconciliation_dag.py took 0.076 seconds
[2026-08-20T20:18:48.847+0000] {logging_mixin.py:190} WARNING - /home/airflow/.local/lib/python3.10/site-packages/airflow/settings.py:470 DeprecationWarning: The sql_alchemy_conn option in [core] has been moved to the sql_alchemy_conn option in [database] - the old setting has been used, but please update your config.
[2026-08-20T20:18:48.852+0000] {processor.py:186} INFO - Started process (PID=1161) to work on /opt/airflow/dags/reconciliation_dag.py
[2026-08-20T20:18:48.852+0000] {processor.py:914} INFO - Processing file /opt/airflow/dags/reconciliation_dag.py for tasks to queue
[2026-08-20T20:18:48.855+0000] {logging_mixin.py:190} INFO - [2026-08-20T20:18:48.855+0000] {dagbag.py:588} INFO - Filling up the DagBag from /opt/airflow/dags/reconciliation_dag.py
[2026-08-20T20:18:48.873+0000] {processor.py:925} INFO - DAG(s) 'financial_reconciliation_pipeline' retrieved from /opt/airflow/dags/reconciliation_dag.py
[2026-08-20T20:18:48.888+0000] {logging_mixin.py:190} INFO - [2026-08-20T20:18:48.888+0000] {dag.py:3239} INFO - Sync 1 DAGs
[2026-08-20T20:18:48.903+0000] {logging_mixin.py:190} INFO - [2026-08-20T20:18:48.903+0000] {dag.py:4180} INFO - Setting next_dagrun for financial_reconciliation_pipeline to 2026-08-20 00:00:00+00:00, run_after=2026-08-21 00:00:00+00:00
[2026-08-20T20:18:48.920+0000] {processor.py:208} INFO - Processing /opt/airflow/dags/reconciliation_dag.py took 0.076 seconds
[2026-08-20T20:19:19.280+0000] {logging_mixin.py:190} WARNING - /home/airflow/.local/lib/python3.10/site-packages/airflow/settings.py:470 DeprecationWarning: The sql_alchemy_conn option in [core] has been moved to the sql_alchemy_conn option in [database] - the old setting has been used, but please update your config.
[2026-08-20T20:19:19.286+0000] {processor.py:186} INFO - Started process (PID=1162) to work on /opt/airflow/dags/reconciliation_dag.py
[2026-08-20T20:19:19.287+0000] {processor.py:914} INFO - Processing file /opt/airflow/dags/reconciliation_dag.py for tasks to queue
[2026-08-20T20:19:19.291+0000] {logging_mixin.py:190} INFO - [2026-08-20T20:19:19.290+0000] {dagbag.py:588} INFO - Filling up the DagBag from /opt/airflow/dags/reconciliation_dag.py
[2026-08-20T20:19:19.346+0000] {processor.py:925} INFO - DAG(s) 'financial_reconciliation_pipeline' retrieved from /opt/airflow/dags/reconciliation_dag.py
[2026-08-20T20:19:19.365+0000] {logging_mixin.py:190} INFO - [2026-08-20T20:19:19.365+0000] {dag.py:3239} INFO - Sync 1 DAGs
[2026-08-20T20:19:19.382+0000] {logging_mixin.py:190} INFO - [2026-08-20T20:19:19.382+0000] {dag.py:4180} INFO - Setting next_dagrun for financial_reconciliation_pipeline to 2026-08-20 00:00:00+00:00, run_after=2026-08-21 00:00:00+00:00
[2026-08-20T20:19:19.396+0000] {processor.py:208} INFO - Processing /opt/airflow/dags/reconciliation_dag.py took 0.118 seconds
[2026-08-20T20:19:49.547+0000] {logging_mixin.py:190} WARNING - /home/airflow/.local/lib/python3.10/site-packages/airflow/settings.py:470 DeprecationWarning: The sql_alchemy_conn option in [core] has been moved to the sql_alchemy_conn option in [database] - the old setting has been used, but please update your config.
[2026-08-20T20:19:49.552+0000] {processor.py:186} INFO - Started process (PID=1163) to work on /opt/airflow/dags/reconciliation_dag.py
[2026-08-20T20:19:49.553+0000] {processor.py:914} INFO - Processing file /opt/airflow/dags/reconciliation_dag.py for tasks to queue
[2026-08-20T20:19:49.556+0000] {logging_mixin.py:190} INFO - [2026-08-20T20:19:49.555+0000] {dagbag.py:588} INFO - Filling up the DagBag from /opt/airflow/dags/reconciliation_dag.py
[2026-08-20T20:19:49.575+0000] {processor.py:925} INFO - DAG(s) 'financial_reconciliation_pipeline' retrieved from /opt/airflow/dags/reconciliation_dag.py
[2026-08-20T20:19:49.590+0000] {logging_mixin.py:190} INFO - [2026-08-20T20:19:49.590+0000] {dag.py:3239} INFO - Sync 1 DAGs
[2026-08-20T20:19:49.605+0000] {logging_mixin.py:190} INFO - [2026-08-20T20:19:49.605+0000] {dag.py:4180} INFO - Setting next_dagrun for financial_reconciliation_pipeline to 2026-08-20 00:00:00+00:00, run_after=2026-08-21 00:00:00+00:00
[2026-08-20T20:19:49.619+0000] {processor.py:208} INFO - Processing /opt/airflow/dags/reconciliation_dag.py took 0.074 seconds
[2026-08-20T20:20:19.867+0000] {logging_mixin.py:190} WARNING - /home/airflow/.local/lib/python3.10/site-packages/airflow/settings.py:470 DeprecationWarning: The sql_alchemy_conn option in [core] has been moved to the sql_alchemy_conn option in [database] - the old setting has been used, but please update your config.
[2026-08-20T20:20:19.873+0000] {processor.py:186} INFO - Started process (PID=1164) to work on /opt/airflow/dags/reconciliation_dag.py
[2026-08-20T20:20:19.875+0000] {processor.py:914} INFO - Processing file /opt/airflow/dags/reconciliation_dag.py for tasks to queue
[2026-08-20T20:20:19.879+0000] {logging_mixin.py:190} INFO - [2026-08-20T20:20:19.879+0000] {dagbag.py:588} INFO - Filling up the DagBag from /opt/airflow/dags/reconciliation_dag.py
[2026-08-20T20:20:19.915+0000] {processor.py:925} INFO - DAG(s) 'financial_reconciliation_pipeline' retrieved from /opt/airflow/dags/reconciliation_dag.py
[2026-08-20T20:20:19.936+0000] {logging_mixin.py:190} INFO - [2026-08-20T20:20:19.936+0000] {dag.py:3239} INFO - Sync 1 DAGs
[2026-08-20T20:20:19.959+0000] {logging_mixin.py:190} INFO - [2026-08-20T20:20:19.959+0000] {dag.py:4180} INFO - Setting next_dagrun for financial_reconciliation_pipeline to 2026-08-20 00:00:00+00:00, run_after=2026-08-21 00:00:00+00:00
[2026-08-20T20:20:19.979+0000] {processor.py:208} INFO - Processing /opt/airflow/dags/reconciliation_dag.py took 0.115 seconds
[2026-08-20T20:20:50.186+0000] {logging_mixin.py:190} WARNING - /home/airflow/.local/lib/python3.10/site-packages/airflow/settings.py:470 DeprecationWarning: The sql_alchemy_conn option in [core] has been moved to the sql_alchemy_conn option in [database] - the old setting has been used, but please update your config.
[2026-08-20T20:20:50.191+0000] {processor.py:186} INFO - Started process (PID=1165) to work on /opt/airflow/dags/reconciliation_dag.py
[2026-08-20T20:20:50.192+0000] {processor.py:914} INFO - Processing file /opt/airflow/dags/reconciliation_dag.py for tasks to queue
[2026-08-20T20:20:50.195+0000] {logging_mixin.py:190} INFO - [2026-08-20T20:20:50.195+0000] {dagbag.py:588} INFO - Filling up the DagBag from /opt/airflow/dags/reconciliation_dag.py
[2026-08-20T20:20:50.235+0000] {processor.py:925} INFO - DAG(s) 'financial_reconciliation_pipeline' retrieved from /opt/airflow/dags/reconciliation_dag.py
[2026-08-20T20:20:50.251+0000] {logging_mixin.py:190} INFO - [2026-08-20T20:20:50.251+0000] {dag.py:3239} INFO - Sync 1 DAGs
[2026-08-20T20:20:50.266+0000] {logging_mixin.py:190} INFO - [2026-08-20T20:20:50.266+0000] {dag.py:4180} INFO - Setting next_dagrun for financial_reconciliation_pipeline to 2026-08-20 00:00:00+00:00, run_after=2026-08-21 00:00:00+00:00
[2026-08-20T20:20:50.283+0000] {processor.py:208} INFO - Processing /opt/airflow/dags/reconciliation_dag.py took 0.100 seconds
[2026-08-20T20:21:20.489+0000] {logging_mixin.py:190} WARNING - /home/airflow/.local/lib/python3.10/site-packages/airflow/settings.py:470 DeprecationWarning: The sql_alchemy_conn option in [core] has been moved to the sql_alchemy_conn option in [database] - the old setting has been used, but please update your config.
[2026-08-20T20:21:20.495+0000] {processor.py:186} INFO - Started process (PID=1166) to work on /opt/airflow/dags/reconciliation_dag.py
[2026-08-20T20:21:20.496+0000] {processor.py:914} INFO - Processing file /opt/airflow/dags/reconciliation_dag.py for tasks to queue
[2026-08-20T20:21:20.499+0000] {logging_mixin.py:190} INFO - [2026-08-20T20:21:20.498+0000] {dagbag.py:588} INFO - Filling up the DagBag from /opt/airflow/dags/reconciliation_dag.py
[2026-08-20T20:21:20.520+0000] {processor.py:925} INFO - DAG(s) 'financial_reconciliation_pipeline' retrieved from /opt/airflow/dags/reconciliation_dag.py
[2026-08-20T20:21:20.538+0000] {logging_mixin.py:190} INFO - [2026-08-20T20:21:20.538+0000] {dag.py:3239} INFO - Sync 1 DAGs
[2026-08-20T20:21:20.557+0000] {logging_mixin.py:190} INFO - [2026-08-20T20:21:20.557+0000] {dag.py:4180} INFO - Setting next_dagrun for financial_reconciliation_pipeline to 2026-08-20 00:00:00+00:00, run_after=2026-08-21 00:00:00+00:00
[2026-08-20T20:21:20.590+0000] {processor.py:208} INFO - Processing /opt/airflow/dags/reconciliation_dag.py took 0.104 seconds
[2026-08-20T20:21:50.801+0000] {logging_mixin.py:190} WARNING - /home/airflow/.local/lib/python3.10/site-packages/airflow/settings.py:470 DeprecationWarning: The sql_alchemy_conn option in [core] has been moved to the sql_alchemy_conn option in [database] - the old setting has been used, but please update your config.
[2026-08-20T20:21:50.806+0000] {processor.py:186} INFO - Started process (PID=1167) to work on /opt/airflow/dags/reconciliation_dag.py
[2026-08-20T20:21:50.807+0000] {processor.py:914} INFO - Processing file /opt/airflow/dags/reconciliation_dag.py for tasks to queue
[2026-08-20T20:21:50.810+0000] {logging_mixin.py:190} INFO - [2026-08-20T20:21:50.810+0000] {dagbag.py:588} INFO - Filling up the DagBag from /opt/airflow/dags/reconciliation_dag.py
[2026-08-20T20:21:50.829+0000] {processor.py:925} INFO - DAG(s) 'financial_reconciliation_pipeline' retrieved from /opt/airflow/dags/reconciliation_dag.py
[2026-08-20T20:21:50.847+0000] {logging_mixin.py:190} INFO - [2026-08-20T20:21:50.847+0000] {dag.py:3239} INFO - Sync 1 DAGs
[2026-08-20T20:21:50.862+0000] {logging_mixin.py:190} INFO - [2026-08-20T20:21:50.862+0000] {dag.py:4180} INFO - Setting next_dagrun for financial_reconciliation_pipeline to 2026-08-20 00:00:00+00:00, run_after=2026-08-21 00:00:00+00:00
[2026-08-20T20:21:50.878+0000] {processor.py:208} INFO - Processing /opt/airflow/dags/reconciliation_dag.py took 0.080 seconds
[2026-08-20T20:22:21.132+0000] {logging_mixin.py:190} WARNING - /home/airflow/.local/lib/python3.10/site-packages/airflow/settings.py:470 DeprecationWarning: The sql_alchemy_conn option in [core] has been moved to the sql_alchemy_conn option in [database] - the old setting has been used, but please update your config.
[2026-08-20T20:22:21.140+0000] {processor.py:186} INFO - Started process (PID=1168) to work on /opt/airflow/dags/reconciliation_dag.py
[2026-08-20T20:22:21.142+0000] {processor.py:914} INFO - Processing file /opt/airflow/dags/reconciliation_dag.py for tasks to queue
[2026-08-20T20:22:21.146+0000] {logging_mixin.py:190} INFO - [2026-08-20T20:22:21.146+0000] {dagbag.py:588} INFO - Filling up the DagBag from /opt/airflow/dags/reconciliation_dag.py
[2026-08-20T20:22:21.198+0000] {processor.py:925} INFO - DAG(s) 'financial_reconciliation_pipeline' retrieved from /opt/airflow/dags/reconciliation_dag.py
[2026-08-20T20:22:21.220+0000] {logging_mixin.py:190} INFO - [2026-08-20T20:22:21.219+0000] {dag.py:3239} INFO - Sync 1 DAGs
[2026-08-20T20:22:21.238+0000] {logging_mixin.py:190} INFO - [2026-08-20T20:22:21.238+0000] {dag.py:4180} INFO - Setting next_dagrun for financial_reconciliation_pipeline to 2026-08-20 00:00:00+00:00, run_after=2026-08-21 00:00:00+00:00
[2026-08-20T20:22:21.254+0000] {processor.py:208} INFO - Processing /opt/airflow/dags/reconciliation_dag.py took 0.125 seconds
[2026-08-20T20:22:51.486+0000] {logging_mixin.py:190} WARNING - /home/airflow/.local/lib/python3.10/site-packages/airflow/settings.py:470 DeprecationWarning: The sql_alchemy_conn option in [core] has been moved to the sql_alchemy_conn option in [database] - the old setting has been used, but please update your config.
[2026-08-20T20:22:51.499+0000] {processor.py:186} INFO - Started process (PID=1169) to work on /opt/airflow/dags/reconciliation_dag.py
[2026-08-20T20:22:51.509+0000] {processor.py:914} INFO - Processing file /opt/airflow/dags/reconciliation_dag.py for tasks to queue
[2026-08-20T20:22:51.523+0000] {logging_mixin.py:190} INFO - [2026-08-20T20:22:51.523+0000] {dagbag.py:588} INFO - Filling up the DagBag from /opt/airflow/dags/reconciliation_dag.py
[2026-08-20T20:22:51.681+0000] {processor.py:925} INFO - DAG(s) 'financial_reconciliation_pipeline' retrieved from /opt/airflow/dags/reconciliation_dag.py
[2026-08-20T20:22:51.703+0000] {logging_mixin.py:190} INFO - [2026-08-20T20:22:51.703+0000] {dag.py:3239} INFO - Sync 1 DAGs
[2026-08-20T20:22:51.722+0000] {logging_mixin.py:190} INFO - [2026-08-20T20:22:51.722+0000] {dag.py:4180} INFO - Setting next_dagrun for financial_reconciliation_pipeline to 2026-08-20 00:00:00+00:00, run_after=2026-08-21 00:00:00+00:00
[2026-08-20T20:22:51.751+0000] {processor.py:208} INFO - Processing /opt/airflow/dags/reconciliation_dag.py took 0.268 seconds
[2026-08-20T20:23:22.033+0000] {logging_mixin.py:190} WARNING - /home/airflow/.local/lib/python3.10/site-packages/airflow/settings.py:470 DeprecationWarning: The sql_alchemy_conn option in [core] has been moved to the sql_alchemy_conn option in [database] - the old setting has been used, but please update your config.
[2026-08-20T20:23:22.040+0000] {processor.py:186} INFO - Started process (PID=1170) to work on /opt/airflow/dags/reconciliation_dag.py
[2026-08-20T20:23:22.042+0000] {processor.py:914} INFO - Processing file /opt/airflow/dags/reconciliation_dag.py for tasks to queue
[2026-08-20T20:23:22.045+0000] {logging_mixin.py:190} INFO - [2026-08-20T20:23:22.045+0000] {dagbag.py:588} INFO - Filling up the DagBag from /opt/airflow/dags/reconciliation_dag.py
[2026-08-20T20:23:22.066+0000] {processor.py:925} INFO - DAG(s) 'financial_reconciliation_pipeline' retrieved from /opt/airflow/dags/reconciliation_dag.py
[2026-08-20T20:23:22.086+0000] {logging_mixin.py:190} INFO - [2026-08-20T20:23:22.085+0000] {dag.py:3239} INFO - Sync 1 DAGs
[2026-08-20T20:23:22.103+0000] {logging_mixin.py:190} INFO - [2026-08-20T20:23:22.103+0000] {dag.py:4180} INFO - Setting next_dagrun for financial_reconciliation_pipeline to 2026-08-20 00:00:00+00:00, run_after=2026-08-21 00:00:00+00:00
[2026-08-20T20:23:22.119+0000] {processor.py:208} INFO - Processing /opt/airflow/dags/reconciliation_dag.py took 0.089 seconds
[2026-08-20T20:23:52.318+0000] {logging_mixin.py:190} WARNING - /home/airflow/.local/lib/python3.10/site-packages/airflow/settings.py:470 DeprecationWarning: The sql_alchemy_conn option in [core] has been moved to the sql_alchemy_conn option in [database] - the old setting has been used, but please update your config.
[2026-08-20T20:23:52.326+0000] {processor.py:186} INFO - Started process (PID=1171) to work on /opt/airflow/dags/reconciliation_dag.py
[2026-08-20T20:23:52.327+0000] {processor.py:914} INFO - Processing file /opt/airflow/dags/reconciliation_dag.py for tasks to queue
[2026-08-20T20:23:52.329+0000] {logging_mixin.py:190} INFO - [2026-08-20T20:23:52.329+0000] {dagbag.py:588} INFO - Filling up the DagBag from /opt/airflow/dags/reconciliation_dag.py
[2026-08-20T20:23:52.355+0000] {processor.py:925} INFO - DAG(s) 'financial_reconciliation_pipeline' retrieved from /opt/airflow/dags/reconciliation_dag.py
[2026-08-20T20:23:52.376+0000] {logging_mixin.py:190} INFO - [2026-08-20T20:23:52.376+0000] {dag.py:3239} INFO - Sync 1 DAGs
[2026-08-20T20:23:52.395+0000] {logging_mixin.py:190} INFO - [2026-08-20T20:23:52.395+0000] {dag.py:4180} INFO - Setting next_dagrun for financial_reconciliation_pipeline to 2026-08-20 00:00:00+00:00, run_after=2026-08-21 00:00:00+00:00
[2026-08-20T20:23:52.415+0000] {processor.py:208} INFO - Processing /opt/airflow/dags/reconciliation_dag.py took 0.099 seconds
[2026-08-20T20:24:22.706+0000] {logging_mixin.py:190} WARNING - /home/airflow/.local/lib/python3.10/site-packages/airflow/settings.py:470 DeprecationWarning: The sql_alchemy_conn option in [core] has been moved to the sql_alchemy_conn option in [database] - the old setting has been used, but please update your config.
[2026-08-20T20:24:22.717+0000] {processor.py:186} INFO - Started process (PID=1172) to work on /opt/airflow/dags/reconciliation_dag.py
[2026-08-20T20:24:22.720+0000] {processor.py:914} INFO - Processing file /opt/airflow/dags/reconciliation_dag.py for tasks to queue
[2026-08-20T20:24:22.724+0000] {logging_mixin.py:190} INFO - [2026-08-20T20:24:22.724+0000] {dagbag.py:588} INFO - Filling up the DagBag from /opt/airflow/dags/reconciliation_dag.py
[2026-08-20T20:24:22.817+0000] {processor.py:925} INFO - DAG(s) 'financial_reconciliation_pipeline' retrieved from /opt/airflow/dags/reconciliation_dag.py
[2026-08-20T20:24:22.838+0000] {logging_mixin.py:190} INFO - [2026-08-20T20:24:22.838+0000] {dag.py:3239} INFO - Sync 1 DAGs
[2026-08-20T20:24:22.858+0000] {logging_mixin.py:190} INFO - [2026-08-20T20:24:22.858+0000] {dag.py:4180} INFO - Setting next_dagrun for financial_reconciliation_pipeline to 2026-08-20 00:00:00+00:00, run_after=2026-08-21 00:00:00+00:00
[2026-08-20T20:24:22.880+0000] {processor.py:208} INFO - Processing /opt/airflow/dags/reconciliation_dag.py took 0.177 seconds
[2026-08-20T20:24:52.957+0000] {logging_mixin.py:190} WARNING - /home/airflow/.local/lib/python3.10/site-packages/airflow/settings.py:470 DeprecationWarning: The sql_alchemy_conn option in [core] has been moved to the sql_alchemy_conn option in [database] - the old setting has been used, but please update your config.
[2026-08-20T20:24:52.964+0000] {processor.py:186} INFO - Started process (PID=1173) to work on /opt/airflow/dags/reconciliation_dag.py
[2026-08-20T20:24:52.965+0000] {processor.py:914} INFO - Processing file /opt/airflow/dags/reconciliation_dag.py for tasks to queue
[2026-08-20T20:24:52.968+0000] {logging_mixin.py:190} INFO - [2026-08-20T20:24:52.968+0000] {dagbag.py:588} INFO - Filling up the DagBag from /opt/airflow/dags/reconciliation_dag.py
[2026-08-20T20:24:52.995+0000] {processor.py:925} INFO - DAG(s) 'financial_reconciliation_pipeline' retrieved from /opt/airflow/dags/reconciliation_dag.py
[2026-08-20T20:24:53.015+0000] {logging_mixin.py:190} INFO - [2026-08-20T20:24:53.015+0000] {dag.py:3239} INFO - Sync 1 DAGs
[2026-08-20T20:24:53.033+0000] {logging_mixin.py:190} INFO - [2026-08-20T20:24:53.033+0000] {dag.py:4180} INFO - Setting next_dagrun for financial_reconciliation_pipeline to 2026-08-20 00:00:00+00:00, run_after=2026-08-21 00:00:00+00:00
[2026-08-20T20:24:53.051+0000] {processor.py:208} INFO - Processing /opt/airflow/dags/reconciliation_dag.py took 0.098 seconds
[2026-08-20T20:25:23.385+0000] {logging_mixin.py:190} WARNING - /home/airflow/.local/lib/python3.10/site-packages/airflow/settings.py:470 DeprecationWarning: The sql_alchemy_conn option in [core] has been moved to the sql_alchemy_conn option in [database] - the old setting has been used, but please update your config.
[2026-08-20T20:25:23.392+0000] {processor.py:186} INFO - Started process (PID=1174) to work on /opt/airflow/dags/reconciliation_dag.py
[2026-08-20T20:25:23.395+0000] {processor.py:914} INFO - Processing file /opt/airflow/dags/reconciliation_dag.py for tasks to queue
[2026-08-20T20:25:23.403+0000] {logging_mixin.py:190} INFO - [2026-08-20T20:25:23.403+0000] {dagbag.py:588} INFO - Filling up the DagBag from /opt/airflow/dags/reconciliation_dag.py
[2026-08-20T20:25:23.536+0000] {processor.py:925} INFO - DAG(s) 'financial_reconciliation_pipeline' retrieved from /opt/airflow/dags/reconciliation_dag.py
[2026-08-20T20:25:23.555+0000] {logging_mixin.py:190} INFO - [2026-08-20T20:25:23.555+0000] {dag.py:3239} INFO - Sync 1 DAGs
[2026-08-20T20:25:23.571+0000] {logging_mixin.py:190} INFO - [2026-08-20T20:25:23.571+0000] {dag.py:4180} INFO - Setting next_dagrun for financial_reconciliation_pipeline to 2026-08-20 00:00:00+00:00, run_after=2026-08-21 00:00:00+00:00
[2026-08-20T20:25:23.593+0000] {processor.py:208} INFO - Processing /opt/airflow/dags/reconciliation_dag.py took 0.211 seconds
[2026-08-20T20:25:53.849+0000] {logging_mixin.py:190} WARNING - /home/airflow/.local/lib/python3.10/site-packages/airflow/settings.py:470 DeprecationWarning: The sql_alchemy_conn option in [core] has been moved to the sql_alchemy_conn option in [database] - the old setting has been used, but please update your config.
[2026-08-20T20:25:53.854+0000] {processor.py:186} INFO - Started process (PID=1175) to work on /opt/airflow/dags/reconciliation_dag.py
[2026-08-20T20:25:53.855+0000] {processor.py:914} INFO - Processing file /opt/airflow/dags/reconciliation_dag.py for tasks to queue
[2026-08-20T20:25:53.857+0000] {logging_mixin.py:190} INFO - [2026-08-20T20:25:53.857+0000] {dagbag.py:588} INFO - Filling up the DagBag from /opt/airflow/dags/reconciliation_dag.py
[2026-08-20T20:25:53.880+0000] {processor.py:925} INFO - DAG(s) 'financial_reconciliation_pipeline' retrieved from /opt/airflow/dags/reconciliation_dag.py
[2026-08-20T20:25:53.896+0000] {logging_mixin.py:190} INFO - [2026-08-20T20:25:53.896+0000] {dag.py:3239} INFO - Sync 1 DAGs
[2026-08-20T20:25:53.911+0000] {logging_mixin.py:190} INFO - [2026-08-20T20:25:53.911+0000] {dag.py:4180} INFO - Setting next_dagrun for financial_reconciliation_pipeline to 2026-08-20 00:00:00+00:00, run_after=2026-08-21 00:00:00+00:00
[2026-08-20T20:25:53.925+0000] {processor.py:208} INFO - Processing /opt/airflow/dags/reconciliation_dag.py took 0.079 seconds
[2026-08-20T20:26:24.086+0000] {logging_mixin.py:190} WARNING - /home/airflow/.local/lib/python3.10/site-packages/airflow/settings.py:470 DeprecationWarning: The sql_alchemy_conn option in [core] has been moved to the sql_alchemy_conn option in [database] - the old setting has been used, but please update your config.
[2026-08-20T20:26:24.092+0000] {processor.py:186} INFO - Started process (PID=1176) to work on /opt/airflow/dags/reconciliation_dag.py
[2026-08-20T20:26:24.094+0000] {processor.py:914} INFO - Processing file /opt/airflow/dags/reconciliation_dag.py for tasks to queue
[2026-08-20T20:26:24.097+0000] {logging_mixin.py:190} INFO - [2026-08-20T20:26:24.097+0000] {dagbag.py:588} INFO - Filling up the DagBag from /opt/airflow/dags/reconciliation_dag.py
[2026-08-20T20:26:24.124+0000] {processor.py:925} INFO - DAG(s) 'financial_reconciliation_pipeline' retrieved from /opt/airflow/dags/reconciliation_dag.py
[2026-08-20T20:26:24.144+0000] {logging_mixin.py:190} INFO - [2026-08-20T20:26:24.144+0000] {dag.py:3239} INFO - Sync 1 DAGs
[2026-08-20T20:26:24.163+0000] {logging_mixin.py:190} INFO - [2026-08-20T20:26:24.163+0000] {dag.py:4180} INFO - Setting next_dagrun for financial_reconciliation_pipeline to 2026-08-20 00:00:00+00:00, run_after=2026-08-21 00:00:00+00:00
[2026-08-20T20:26:24.177+0000] {processor.py:208} INFO - Processing /opt/airflow/dags/reconciliation_dag.py took 0.094 seconds
[2026-08-20T20:26:54.314+0000] {logging_mixin.py:190} WARNING - /home/airflow/.local/lib/python3.10/site-packages/airflow/settings.py:470 DeprecationWarning: The sql_alchemy_conn option in [core] has been moved to the sql_alchemy_conn option in [database] - the old setting has been used, but please update your config.
[2026-08-20T20:26:54.321+0000] {processor.py:186} INFO - Started process (PID=1177) to work on /opt/airflow/dags/reconciliation_dag.py
[2026-08-20T20:26:54.322+0000] {processor.py:914} INFO - Processing file /opt/airflow/dags/reconciliation_dag.py for tasks to queue
[2026-08-20T20:26:54.325+0000] {logging_mixin.py:190} INFO - [2026-08-20T20:26:54.325+0000] {dagbag.py:588} INFO - Filling up the DagBag from /opt/airflow/dags/reconciliation_dag.py
[2026-08-20T20:26:54.346+0000] {processor.py:925} INFO - DAG(s) 'financial_reconciliation_pipeline' retrieved from /opt/airflow/dags/reconciliation_dag.py
[2026-08-20T20:26:54.366+0000] {logging_mixin.py:190} INFO - [2026-08-20T20:26:54.365+0000] {dag.py:3239} INFO - Sync 1 DAGs
[2026-08-20T20:26:54.382+0000] {logging_mixin.py:190} INFO - [2026-08-20T20:26:54.382+0000] {dag.py:4180} INFO - Setting next_dagrun for financial_reconciliation_pipeline to 2026-08-20 00:00:00+00:00, run_after=2026-08-21 00:00:00+00:00
[2026-08-20T20:26:54.400+0000] {processor.py:208} INFO - Processing /opt/airflow/dags/reconciliation_dag.py took 0.089 seconds
[2026-08-20T20:27:27.270+0000] {logging_mixin.py:190} WARNING - /home/airflow/.local/lib/python3.10/site-packages/airflow/settings.py:470 DeprecationWarning: The sql_alchemy_conn option in [core] has been moved to the sql_alchemy_conn option in [database] - the old setting has been used, but please update your config.
[2026-08-20T20:27:27.276+0000] {processor.py:186} INFO - Started process (PID=46) to work on /opt/airflow/dags/reconciliation_dag.py
[2026-08-20T20:27:27.278+0000] {processor.py:914} INFO - Processing file /opt/airflow/dags/reconciliation_dag.py for tasks to queue
[2026-08-20T20:27:27.280+0000] {logging_mixin.py:190} INFO - [2026-08-20T20:27:27.280+0000] {dagbag.py:588} INFO - Filling up the DagBag from /opt/airflow/dags/reconciliation_dag.py
[2026-08-20T20:27:27.333+0000] {processor.py:925} INFO - DAG(s) 'financial_reconciliation_pipeline' retrieved from /opt/airflow/dags/reconciliation_dag.py
[2026-08-20T20:27:27.361+0000] {logging_mixin.py:190} INFO - [2026-08-20T20:27:27.361+0000] {dag.py:3239} INFO - Sync 1 DAGs
[2026-08-20T20:27:27.380+0000] {logging_mixin.py:190} INFO - [2026-08-20T20:27:27.380+0000] {dag.py:4180} INFO - Setting next_dagrun for financial_reconciliation_pipeline to 2026-08-20 00:00:00+00:00, run_after=2026-08-21 00:00:00+00:00
[2026-08-20T20:27:27.396+0000] {processor.py:208} INFO - Processing /opt/airflow/dags/reconciliation_dag.py took 0.128 seconds
[2026-08-20T20:27:57.512+0000] {logging_mixin.py:190} WARNING - /home/airflow/.local/lib/python3.10/site-packages/airflow/settings.py:470 DeprecationWarning: The sql_alchemy_conn option in [core] has been moved to the sql_alchemy_conn option in [database] - the old setting has been used, but please update your config.
[2026-08-20T20:27:57.518+0000] {processor.py:186} INFO - Started process (PID=47) to work on /opt/airflow/dags/reconciliation_dag.py
[2026-08-20T20:27:57.520+0000] {processor.py:914} INFO - Processing file /opt/airflow/dags/reconciliation_dag.py for tasks to queue
[2026-08-20T20:27:57.523+0000] {logging_mixin.py:190} INFO - [2026-08-20T20:27:57.523+0000] {dagbag.py:588} INFO - Filling up the DagBag from /opt/airflow/dags/reconciliation_dag.py
[2026-08-20T20:27:57.571+0000] {processor.py:925} INFO - DAG(s) 'financial_reconciliation_pipeline' retrieved from /opt/airflow/dags/reconciliation_dag.py
[2026-08-20T20:27:57.591+0000] {logging_mixin.py:190} INFO - [2026-08-20T20:27:57.591+0000] {dag.py:3239} INFO - Sync 1 DAGs
[2026-08-20T20:27:57.609+0000] {logging_mixin.py:190} INFO - [2026-08-20T20:27:57.609+0000] {dag.py:4180} INFO - Setting next_dagrun for financial_reconciliation_pipeline to 2026-08-20 00:00:00+00:00, run_after=2026-08-21 00:00:00+00:00
[2026-08-20T20:27:57.626+0000] {processor.py:208} INFO - Processing /opt/airflow/dags/reconciliation_dag.py took 0.117 seconds
[2026-08-20T20:28:27.836+0000] {logging_mixin.py:190} WARNING - /home/airflow/.local/lib/python3.10/site-packages/airflow/settings.py:470 DeprecationWarning: The sql_alchemy_conn option in [core] has been moved to the sql_alchemy_conn option in [database] - the old setting has been used, but please update your config.
[2026-08-20T20:28:27.841+0000] {processor.py:186} INFO - Started process (PID=48) to work on /opt/airflow/dags/reconciliation_dag.py
[2026-08-20T20:28:27.842+0000] {processor.py:914} INFO - Processing file /opt/airflow/dags/reconciliation_dag.py for tasks to queue
[2026-08-20T20:28:27.844+0000] {logging_mixin.py:190} INFO - [2026-08-20T20:28:27.844+0000] {dagbag.py:588} INFO - Filling up the DagBag from /opt/airflow/dags/reconciliation_dag.py
[2026-08-20T20:28:27.879+0000] {processor.py:925} INFO - DAG(s) 'financial_reconciliation_pipeline' retrieved from /opt/airflow/dags/reconciliation_dag.py
[2026-08-20T20:28:27.898+0000] {logging_mixin.py:190} INFO - [2026-08-20T20:28:27.897+0000] {dag.py:3239} INFO - Sync 1 DAGs
[2026-08-20T20:28:27.914+0000] {logging_mixin.py:190} INFO - [2026-08-20T20:28:27.914+0000] {dag.py:4180} INFO - Setting next_dagrun for financial_reconciliation_pipeline to 2026-08-20 00:00:00+00:00, run_after=2026-08-21 00:00:00+00:00
[2026-08-20T20:28:27.932+0000] {processor.py:208} INFO - Processing /opt/airflow/dags/reconciliation_dag.py took 0.097 seconds
[2026-08-20T20:28:58.102+0000] {logging_mixin.py:190} WARNING - /home/airflow/.local/lib/python3.10/site-packages/airflow/settings.py:470 DeprecationWarning: The sql_alchemy_conn option in [core] has been moved to the sql_alchemy_conn option in [database] - the old setting has been used, but please update your config.
[2026-08-20T20:28:58.106+0000] {processor.py:186} INFO - Started process (PID=49) to work on /opt/airflow/dags/reconciliation_dag.py
[2026-08-20T20:28:58.107+0000] {processor.py:914} INFO - Processing file /opt/airflow/dags/reconciliation_dag.py for tasks to queue
[2026-08-20T20:28:58.110+0000] {logging_mixin.py:190} INFO - [2026-08-20T20:28:58.110+0000] {dagbag.py:588} INFO - Filling up the DagBag from /opt/airflow/dags/reconciliation_dag.py
[2026-08-20T20:28:58.131+0000] {processor.py:925} INFO - DAG(s) 'financial_reconciliation_pipeline' retrieved from /opt/airflow/dags/reconciliation_dag.py
[2026-08-20T20:28:58.150+0000] {logging_mixin.py:190} INFO - [2026-08-20T20:28:58.150+0000] {dag.py:3239} INFO - Sync 1 DAGs
[2026-08-20T20:28:58.166+0000] {logging_mixin.py:190} INFO - [2026-08-20T20:28:58.166+0000] {dag.py:4180} INFO - Setting next_dagrun for financial_reconciliation_pipeline to 2026-08-20 00:00:00+00:00, run_after=2026-08-21 00:00:00+00:00
[2026-08-20T20:28:58.180+0000] {processor.py:208} INFO - Processing /opt/airflow/dags/reconciliation_dag.py took 0.080 seconds
[2026-08-20T20:29:28.448+0000] {logging_mixin.py:190} WARNING - /home/airflow/.local/lib/python3.10/site-packages/airflow/settings.py:470 DeprecationWarning: The sql_alchemy_conn option in [core] has been moved to the sql_alchemy_conn option in [database] - the old setting has been used, but please update your config.
[2026-08-20T20:29:28.452+0000] {processor.py:186} INFO - Started process (PID=50) to work on /opt/airflow/dags/reconciliation_dag.py
[2026-08-20T20:29:28.454+0000] {processor.py:914} INFO - Processing file /opt/airflow/dags/reconciliation_dag.py for tasks to queue
[2026-08-20T20:29:28.456+0000] {logging_mixin.py:190} INFO - [2026-08-20T20:29:28.456+0000] {dagbag.py:588} INFO - Filling up the DagBag from /opt/airflow/dags/reconciliation_dag.py
[2026-08-20T20:29:28.476+0000] {processor.py:925} INFO - DAG(s) 'financial_reconciliation_pipeline' retrieved from /opt/airflow/dags/reconciliation_dag.py
[2026-08-20T20:29:28.490+0000] {logging_mixin.py:190} INFO - [2026-08-20T20:29:28.489+0000] {dag.py:3239} INFO - Sync 1 DAGs
[2026-08-20T20:29:28.504+0000] {logging_mixin.py:190} INFO - [2026-08-20T20:29:28.503+0000] {dag.py:4180} INFO - Setting next_dagrun for financial_reconciliation_pipeline to 2026-08-20 00:00:00+00:00, run_after=2026-08-21 00:00:00+00:00
[2026-08-20T20:29:28.519+0000] {processor.py:208} INFO - Processing /opt/airflow/dags/reconciliation_dag.py took 0.073 seconds
[2026-08-20T20:29:58.737+0000] {logging_mixin.py:190} WARNING - /home/airflow/.local/lib/python3.10/site-packages/airflow/settings.py:470 DeprecationWarning: The sql_alchemy_conn option in [core] has been moved to the sql_alchemy_conn option in [database] - the old setting has been used, but please update your config.
[2026-08-20T20:29:58.742+0000] {processor.py:186} INFO - Started process (PID=51) to work on /opt/airflow/dags/reconciliation_dag.py
[2026-08-20T20:29:58.743+0000] {processor.py:914} INFO - Processing file /opt/airflow/dags/reconciliation_dag.py for tasks to queue
[2026-08-20T20:29:58.745+0000] {logging_mixin.py:190} INFO - [2026-08-20T20:29:58.745+0000] {dagbag.py:588} INFO - Filling up the DagBag from /opt/airflow/dags/reconciliation_dag.py
[2026-08-20T20:29:58.762+0000] {processor.py:925} INFO - DAG(s) 'financial_reconciliation_pipeline' retrieved from /opt/airflow/dags/reconciliation_dag.py
[2026-08-20T20:29:58.776+0000] {logging_mixin.py:190} INFO - [2026-08-20T20:29:58.776+0000] {dag.py:3239} INFO - Sync 1 DAGs
[2026-08-20T20:29:58.790+0000] {logging_mixin.py:190} INFO - [2026-08-20T20:29:58.790+0000] {dag.py:4180} INFO - Setting next_dagrun for financial_reconciliation_pipeline to 2026-08-20 00:00:00+00:00, run_after=2026-08-21 00:00:00+00:00
[2026-08-20T20:29:58.805+0000] {processor.py:208} INFO - Processing /opt/airflow/dags/reconciliation_dag.py took 0.069 seconds
[2026-08-20T20:30:29.073+0000] {logging_mixin.py:190} WARNING - /home/airflow/.local/lib/python3.10/site-packages/airflow/settings.py:470 DeprecationWarning: The sql_alchemy_conn option in [core] has been moved to the sql_alchemy_conn option in [database] - the old setting has been used, but please update your config.
[2026-08-20T20:30:29.077+0000] {processor.py:186} INFO - Started process (PID=52) to work on /opt/airflow/dags/reconciliation_dag.py
[2026-08-20T20:30:29.078+0000] {processor.py:914} INFO - Processing file /opt/airflow/dags/reconciliation_dag.py for tasks to queue
[2026-08-20T20:30:29.080+0000] {logging_mixin.py:190} INFO - [2026-08-20T20:30:29.080+0000] {dagbag.py:588} INFO - Filling up the DagBag from /opt/airflow/dags/reconciliation_dag.py
[2026-08-20T20:30:29.099+0000] {processor.py:925} INFO - DAG(s) 'financial_reconciliation_pipeline' retrieved from /opt/airflow/dags/reconciliation_dag.py
[2026-08-20T20:30:29.113+0000] {logging_mixin.py:190} INFO - [2026-08-20T20:30:29.113+0000] {dag.py:3239} INFO - Sync 1 DAGs
[2026-08-20T20:30:29.126+0000] {logging_mixin.py:190} INFO - [2026-08-20T20:30:29.126+0000] {dag.py:4180} INFO - Setting next_dagrun for financial_reconciliation_pipeline to 2026-08-20 00:00:00+00:00, run_after=2026-08-21 00:00:00+00:00
[2026-08-20T20:30:29.141+0000] {processor.py:208} INFO - Processing /opt/airflow/dags/reconciliation_dag.py took 0.071 seconds
[2026-08-20T20:30:59.401+0000] {logging_mixin.py:190} WARNING - /home/airflow/.local/lib/python3.10/site-packages/airflow/settings.py:470 DeprecationWarning: The sql_alchemy_conn option in [core] has been moved to the sql_alchemy_conn option in [database] - the old setting has been used, but please update your config.
[2026-08-20T20:30:59.406+0000] {processor.py:186} INFO - Started process (PID=53) to work on /opt/airflow/dags/reconciliation_dag.py
[2026-08-20T20:30:59.407+0000] {processor.py:914} INFO - Processing file /opt/airflow/dags/reconciliation_dag.py for tasks to queue
[2026-08-20T20:30:59.409+0000] {logging_mixin.py:190} INFO - [2026-08-20T20:30:59.409+0000] {dagbag.py:588} INFO - Filling up the DagBag from /opt/airflow/dags/reconciliation_dag.py
[2026-08-20T20:30:59.426+0000] {processor.py:925} INFO - DAG(s) 'financial_reconciliation_pipeline' retrieved from /opt/airflow/dags/reconciliation_dag.py
[2026-08-20T20:30:59.440+0000] {logging_mixin.py:190} INFO - [2026-08-20T20:30:59.440+0000] {dag.py:3239} INFO - Sync 1 DAGs
[2026-08-20T20:30:59.453+0000] {logging_mixin.py:190} INFO - [2026-08-20T20:30:59.453+0000] {dag.py:4180} INFO - Setting next_dagrun for financial_reconciliation_pipeline to 2026-08-20 00:00:00+00:00, run_after=2026-08-21 00:00:00+00:00
[2026-08-20T20:30:59.468+0000] {processor.py:208} INFO - Processing /opt/airflow/dags/reconciliation_dag.py took 0.069 seconds
[2026-08-20T20:31:29.676+0000] {logging_mixin.py:190} WARNING - /home/airflow/.local/lib/python3.10/site-packages/airflow/settings.py:470 DeprecationWarning: The sql_alchemy_conn option in [core] has been moved to the sql_alchemy_conn option in [database] - the old setting has been used, but please update your config.
[2026-08-20T20:31:29.680+0000] {processor.py:186} INFO - Started process (PID=54) to work on /opt/airflow/dags/reconciliation_dag.py
[2026-08-20T20:31:29.681+0000] {processor.py:914} INFO - Processing file /opt/airflow/dags/reconciliation_dag.py for tasks to queue
[2026-08-20T20:31:29.684+0000] {logging_mixin.py:190} INFO - [2026-08-20T20:31:29.683+0000] {dagbag.py:588} INFO - Filling up the DagBag from /opt/airflow/dags/reconciliation_dag.py
[2026-08-20T20:31:29.702+0000] {processor.py:925} INFO - DAG(s) 'financial_reconciliation_pipeline' retrieved from /opt/airflow/dags/reconciliation_dag.py
[2026-08-20T20:31:29.718+0000] {logging_mixin.py:190} INFO - [2026-08-20T20:31:29.718+0000] {dag.py:3239} INFO - Sync 1 DAGs
[2026-08-20T20:31:29.734+0000] {logging_mixin.py:190} INFO - [2026-08-20T20:31:29.734+0000] {dag.py:4180} INFO - Setting next_dagrun for financial_reconciliation_pipeline to 2026-08-20 00:00:00+00:00, run_after=2026-08-21 00:00:00+00:00
[2026-08-20T20:31:29.750+0000] {processor.py:208} INFO - Processing /opt/airflow/dags/reconciliation_dag.py took 0.076 seconds
[2026-08-20T20:32:00.061+0000] {logging_mixin.py:190} WARNING - /home/airflow/.local/lib/python3.10/site-packages/airflow/settings.py:470 DeprecationWarning: The sql_alchemy_conn option in [core] has been moved to the sql_alchemy_conn option in [database] - the old setting has been used, but please update your config.
[2026-08-20T20:32:00.066+0000] {processor.py:186} INFO - Started process (PID=55) to work on /opt/airflow/dags/reconciliation_dag.py
[2026-08-20T20:32:00.071+0000] {processor.py:914} INFO - Processing file /opt/airflow/dags/reconciliation_dag.py for tasks to queue
[2026-08-20T20:32:00.074+0000] {logging_mixin.py:190} INFO - [2026-08-20T20:32:00.074+0000] {dagbag.py:588} INFO - Filling up the DagBag from /opt/airflow/dags/reconciliation_dag.py
[2026-08-20T20:32:00.184+0000] {processor.py:925} INFO - DAG(s) 'financial_reconciliation_pipeline' retrieved from /opt/airflow/dags/reconciliation_dag.py
[2026-08-20T20:32:00.201+0000] {logging_mixin.py:190} INFO - [2026-08-20T20:32:00.201+0000] {dag.py:3239} INFO - Sync 1 DAGs
[2026-08-20T20:32:00.214+0000] {logging_mixin.py:190} INFO - [2026-08-20T20:32:00.214+0000] {dag.py:4180} INFO - Setting next_dagrun for financial_reconciliation_pipeline to 2026-08-20 00:00:00+00:00, run_after=2026-08-21 00:00:00+00:00
[2026-08-20T20:32:00.229+0000] {processor.py:208} INFO - Processing /opt/airflow/dags/reconciliation_dag.py took 0.170 seconds
[2026-08-20T20:32:30.400+0000] {logging_mixin.py:190} WARNING - /home/airflow/.local/lib/python3.10/site-packages/airflow/settings.py:470 DeprecationWarning: The sql_alchemy_conn option in [core] has been moved to the sql_alchemy_conn option in [database] - the old setting has been used, but please update your config.
[2026-08-20T20:32:30.405+0000] {processor.py:186} INFO - Started process (PID=56) to work on /opt/airflow/dags/reconciliation_dag.py
[2026-08-20T20:32:30.406+0000] {processor.py:914} INFO - Processing file /opt/airflow/dags/reconciliation_dag.py for tasks to queue
[2026-08-20T20:32:30.408+0000] {logging_mixin.py:190} INFO - [2026-08-20T20:32:30.408+0000] {dagbag.py:588} INFO - Filling up the DagBag from /opt/airflow/dags/reconciliation_dag.py
[2026-08-20T20:32:30.426+0000] {processor.py:925} INFO - DAG(s) 'financial_reconciliation_pipeline' retrieved from /opt/airflow/dags/reconciliation_dag.py
[2026-08-20T20:32:30.443+0000] {logging_mixin.py:190} INFO - [2026-08-20T20:32:30.443+0000] {dag.py:3239} INFO - Sync 1 DAGs
[2026-08-20T20:32:30.458+0000] {logging_mixin.py:190} INFO - [2026-08-20T20:32:30.458+0000] {dag.py:4180} INFO - Setting next_dagrun for financial_reconciliation_pipeline to 2026-08-20 00:00:00+00:00, run_after=2026-08-21 00:00:00+00:00
[2026-08-20T20:32:30.475+0000] {processor.py:208} INFO - Processing /opt/airflow/dags/reconciliation_dag.py took 0.076 seconds
[2026-08-20T20:33:00.692+0000] {logging_mixin.py:190} WARNING - /home/airflow/.local/lib/python3.10/site-packages/airflow/settings.py:470 DeprecationWarning: The sql_alchemy_conn option in [core] has been moved to the sql_alchemy_conn option in [database] - the old setting has been used, but please update your config.
[2026-08-20T20:33:00.697+0000] {processor.py:186} INFO - Started process (PID=57) to work on /opt/airflow/dags/reconciliation_dag.py
[2026-08-20T20:33:00.698+0000] {processor.py:914} INFO - Processing file /opt/airflow/dags/reconciliation_dag.py for tasks to queue
[2026-08-20T20:33:00.705+0000] {logging_mixin.py:190} INFO - [2026-08-20T20:33:00.705+0000] {dagbag.py:588} INFO - Filling up the DagBag from /opt/airflow/dags/reconciliation_dag.py
[2026-08-20T20:33:00.848+0000] {processor.py:925} INFO - DAG(s) 'financial_reconciliation_pipeline' retrieved from /opt/airflow/dags/reconciliation_dag.py
[2026-08-20T20:33:00.867+0000] {logging_mixin.py:190} INFO - [2026-08-20T20:33:00.867+0000] {dag.py:3239} INFO - Sync 1 DAGs
[2026-08-20T20:33:00.883+0000] {logging_mixin.py:190} INFO - [2026-08-20T20:33:00.883+0000] {dag.py:4180} INFO - Setting next_dagrun for financial_reconciliation_pipeline to 2026-08-20 00:00:00+00:00, run_after=2026-08-21 00:00:00+00:00
[2026-08-20T20:33:00.903+0000] {processor.py:208} INFO - Processing /opt/airflow/dags/reconciliation_dag.py took 0.213 seconds
[2026-08-20T20:33:31.023+0000] {logging_mixin.py:190} WARNING - /home/airflow/.local/lib/python3.10/site-packages/airflow/settings.py:470 DeprecationWarning: The sql_alchemy_conn option in [core] has been moved to the sql_alchemy_conn option in [database] - the old setting has been used, but please update your config.
[2026-08-20T20:33:31.027+0000] {processor.py:186} INFO - Started process (PID=58) to work on /opt/airflow/dags/reconciliation_dag.py
[2026-08-20T20:33:31.029+0000] {processor.py:914} INFO - Processing file /opt/airflow/dags/reconciliation_dag.py for tasks to queue
[2026-08-20T20:33:31.031+0000] {logging_mixin.py:190} INFO - [2026-08-20T20:33:31.031+0000] {dagbag.py:588} INFO - Filling up the DagBag from /opt/airflow/dags/reconciliation_dag.py
[2026-08-20T20:33:31.051+0000] {processor.py:925} INFO - DAG(s) 'financial_reconciliation_pipeline' retrieved from /opt/airflow/dags/reconciliation_dag.py
[2026-08-20T20:33:31.066+0000] {logging_mixin.py:190} INFO - [2026-08-20T20:33:31.066+0000] {dag.py:3239} INFO - Sync 1 DAGs
[2026-08-20T20:33:31.081+0000] {logging_mixin.py:190} INFO - [2026-08-20T20:33:31.080+0000] {dag.py:4180} INFO - Setting next_dagrun for financial_reconciliation_pipeline to 2026-08-20 00:00:00+00:00, run_after=2026-08-21 00:00:00+00:00
[2026-08-20T20:33:31.095+0000] {processor.py:208} INFO - Processing /opt/airflow/dags/reconciliation_dag.py took 0.074 seconds
[2026-08-20T20:34:01.268+0000] {logging_mixin.py:190} WARNING - /home/airflow/.local/lib/python3.10/site-packages/airflow/settings.py:470 DeprecationWarning: The sql_alchemy_conn option in [core] has been moved to the sql_alchemy_conn option in [database] - the old setting has been used, but please update your config.
[2026-08-20T20:34:01.273+0000] {processor.py:186} INFO - Started process (PID=59) to work on /opt/airflow/dags/reconciliation_dag.py
[2026-08-20T20:34:01.274+0000] {processor.py:914} INFO - Processing file /opt/airflow/dags/reconciliation_dag.py for tasks to queue
[2026-08-20T20:34:01.276+0000] {logging_mixin.py:190} INFO - [2026-08-20T20:34:01.276+0000] {dagbag.py:588} INFO - Filling up the DagBag from /opt/airflow/dags/reconciliation_dag.py
[2026-08-20T20:34:01.294+0000] {processor.py:925} INFO - DAG(s) 'financial_reconciliation_pipeline' retrieved from /opt/airflow/dags/reconciliation_dag.py
[2026-08-20T20:34:01.310+0000] {logging_mixin.py:190} INFO - [2026-08-20T20:34:01.310+0000] {dag.py:3239} INFO - Sync 1 DAGs
[2026-08-20T20:34:01.325+0000] {logging_mixin.py:190} INFO - [2026-08-20T20:34:01.325+0000] {dag.py:4180} INFO - Setting next_dagrun for financial_reconciliation_pipeline to 2026-08-20 00:00:00+00:00, run_after=2026-08-21 00:00:00+00:00
[2026-08-20T20:34:01.341+0000] {processor.py:208} INFO - Processing /opt/airflow/dags/reconciliation_dag.py took 0.075 seconds
[2026-08-20T20:34:31.591+0000] {logging_mixin.py:190} WARNING - /home/airflow/.local/lib/python3.10/site-packages/airflow/settings.py:470 DeprecationWarning: The sql_alchemy_conn option in [core] has been moved to the sql_alchemy_conn option in [database] - the old setting has been used, but please update your config.
[2026-08-20T20:34:31.595+0000] {processor.py:186} INFO - Started process (PID=60) to work on /opt/airflow/dags/reconciliation_dag.py
[2026-08-20T20:34:31.596+0000] {processor.py:914} INFO - Processing file /opt/airflow/dags/reconciliation_dag.py for tasks to queue
[2026-08-20T20:34:31.598+0000] {logging_mixin.py:190} INFO - [2026-08-20T20:34:31.598+0000] {dagbag.py:588} INFO - Filling up the DagBag from /opt/airflow/dags/reconciliation_dag.py
[2026-08-20T20:34:31.617+0000] {processor.py:925} INFO - DAG(s) 'financial_reconciliation_pipeline' retrieved from /opt/airflow/dags/reconciliation_dag.py
[2026-08-20T20:34:31.631+0000] {logging_mixin.py:190} INFO - [2026-08-20T20:34:31.631+0000] {dag.py:3239} INFO - Sync 1 DAGs
[2026-08-20T20:34:31.646+0000] {logging_mixin.py:190} INFO - [2026-08-20T20:34:31.646+0000] {dag.py:4180} INFO - Setting next_dagrun for financial_reconciliation_pipeline to 2026-08-20 00:00:00+00:00, run_after=2026-08-21 00:00:00+00:00
[2026-08-20T20:34:31.662+0000] {processor.py:208} INFO - Processing /opt/airflow/dags/reconciliation_dag.py took 0.074 seconds
[2026-08-20T20:35:01.895+0000] {logging_mixin.py:190} WARNING - /home/airflow/.local/lib/python3.10/site-packages/airflow/settings.py:470 DeprecationWarning: The sql_alchemy_conn option in [core] has been moved to the sql_alchemy_conn option in [database] - the old setting has been used, but please update your config.
[2026-08-20T20:35:01.901+0000] {processor.py:186} INFO - Started process (PID=61) to work on /opt/airflow/dags/reconciliation_dag.py
[2026-08-20T20:35:01.902+0000] {processor.py:914} INFO - Processing file /opt/airflow/dags/reconciliation_dag.py for tasks to queue
[2026-08-20T20:35:01.904+0000] {logging_mixin.py:190} INFO - [2026-08-20T20:35:01.904+0000] {dagbag.py:588} INFO - Filling up the DagBag from /opt/airflow/dags/reconciliation_dag.py
[2026-08-20T20:35:01.924+0000] {processor.py:925} INFO - DAG(s) 'financial_reconciliation_pipeline' retrieved from /opt/airflow/dags/reconciliation_dag.py
[2026-08-20T20:35:01.939+0000] {logging_mixin.py:190} INFO - [2026-08-20T20:35:01.938+0000] {dag.py:3239} INFO - Sync 1 DAGs
[2026-08-20T20:35:01.953+0000] {logging_mixin.py:190} INFO - [2026-08-20T20:35:01.953+0000] {dag.py:4180} INFO - Setting next_dagrun for financial_reconciliation_pipeline to 2026-08-20 00:00:00+00:00, run_after=2026-08-21 00:00:00+00:00
[2026-08-20T20:35:01.972+0000] {processor.py:208} INFO - Processing /opt/airflow/dags/reconciliation_dag.py took 0.079 seconds
[2026-08-20T20:35:32.205+0000] {logging_mixin.py:190} WARNING - /home/airflow/.local/lib/python3.10/site-packages/airflow/settings.py:470 DeprecationWarning: The sql_alchemy_conn option in [core] has been moved to the sql_alchemy_conn option in [database] - the old setting has been used, but please update your config.
[2026-08-20T20:35:32.212+0000] {processor.py:186} INFO - Started process (PID=62) to work on /opt/airflow/dags/reconciliation_dag.py
[2026-08-20T20:35:32.214+0000] {processor.py:914} INFO - Processing file /opt/airflow/dags/reconciliation_dag.py for tasks to queue
[2026-08-20T20:35:32.218+0000] {logging_mixin.py:190} INFO - [2026-08-20T20:35:32.218+0000] {dagbag.py:588} INFO - Filling up the DagBag from /opt/airflow/dags/reconciliation_dag.py
[2026-08-20T20:35:32.268+0000] {processor.py:925} INFO - DAG(s) 'financial_reconciliation_pipeline' retrieved from /opt/airflow/dags/reconciliation_dag.py
[2026-08-20T20:35:32.292+0000] {logging_mixin.py:190} INFO - [2026-08-20T20:35:32.292+0000] {dag.py:3239} INFO - Sync 1 DAGs
[2026-08-20T20:35:32.312+0000] {logging_mixin.py:190} INFO - [2026-08-20T20:35:32.312+0000] {dag.py:4180} INFO - Setting next_dagrun for financial_reconciliation_pipeline to 2026-08-20 00:00:00+00:00, run_after=2026-08-21 00:00:00+00:00
[2026-08-20T20:35:32.333+0000] {processor.py:208} INFO - Processing /opt/airflow/dags/reconciliation_dag.py took 0.131 seconds
